# WaveFront *.obj file (generated by Autodesk ATF)

mtllib bin funnel.mtl

g Body1

v 7.500000 20.000000 20.000000
v 8.612605 19.874640 20.000000
v 9.669419 19.504844 20.000000
v 10.617449 18.909157 20.000000
v 11.409157 18.117449 20.000000
v 12.004844 17.169419 20.000000
v 12.374640 16.112605 20.000000
v 12.500000 15.000000 20.000000
v 12.500000 15.000000 10.000000
v 12.500000 15.000000 0.000000
v 12.374640 16.112605 0.000000
v 12.004844 17.169419 0.000000
v 11.409157 18.117449 0.000000
v 10.617449 18.909157 0.000000
v 9.669419 19.504844 0.000000
v 8.612605 19.874640 0.000000
v 7.500000 20.000000 0.000000
v 7.500000 20.000000 10.000000
v 8.612605 19.874640 10.000000
v 9.669419 19.504844 10.000000
v 10.617449 18.909157 10.000000
v 11.409157 18.117449 10.000000
v 12.004844 17.169419 10.000000
v 12.374640 16.112605 10.000000
v 1.750000 7.500000 0.000000
v 1.690370 7.952933 0.000000
v 1.515544 8.375000 0.000000
v 1.237437 8.737437 0.000000
v 0.875000 9.015544 0.000000
v 0.452933 9.190370 0.000000
v -0.000000 9.250000 0.000000
v -0.452933 9.190370 0.000000
v -0.875000 9.015544 0.000000
v -1.237437 8.737437 0.000000
v -1.515544 8.375000 0.000000
v -1.690370 7.952933 0.000000
v -1.750000 7.500000 0.000000
v -1.690370 7.047067 0.000000
v -1.515544 6.625000 0.000000
v -1.237437 6.262563 0.000000
v -0.875000 5.984456 0.000000
v -0.452933 5.809630 0.000000
v -0.000000 5.750000 0.000000
v 0.452933 5.809630 0.000000
v 0.875000 5.984456 0.000000
v 1.237437 6.262563 0.000000
v 1.515544 6.625000 0.000000
v 1.690370 7.047067 0.000000
v 12.500000 7.500000 0.000000
v 12.500000 -0.000000 0.000000
v 12.374640 -1.112605 0.000000
v 12.004844 -2.169419 0.000000
v 11.409157 -3.117449 0.000000
v 10.617449 -3.909157 0.000000
v 9.669419 -4.504844 0.000000
v 8.612605 -4.874640 0.000000
v 7.500000 -5.000000 0.000000
v 0.000000 -5.000000 0.000000
v -7.500000 -5.000000 0.000000
v -8.612605 -4.874640 0.000000
v -9.669419 -4.504844 0.000000
v -10.617449 -3.909157 0.000000
v -11.409157 -3.117449 0.000000
v -12.004844 -2.169419 0.000000
v -12.374640 -1.112605 0.000000
v -12.500000 -0.000000 0.000000
v -12.500000 7.500000 0.000000
v -12.500000 15.000000 0.000000
v -12.374640 16.112605 0.000000
v -12.004844 17.169419 0.000000
v -11.409157 18.117449 0.000000
v -10.617449 18.909157 0.000000
v -9.669419 19.504844 0.000000
v -8.612605 19.874640 0.000000
v -7.500000 20.000000 0.000000
v 0.000000 20.000000 0.000000
v -4.166667 3.333333 0.000000
v -4.166667 11.666667 0.000000
v -4.166667 4.944444 0.000000
v 4.166667 11.666667 0.000000
v 4.166667 3.333333 0.000000
v 12.500000 7.500000 20.000000
v 12.500000 -0.000000 20.000000
v 12.500000 -0.000000 10.000000
v 12.500000 7.500000 10.000000
v 12.374640 -1.112605 20.000000
v 12.004844 -2.169419 20.000000
v 11.409157 -3.117449 20.000000
v 10.617449 -3.909157 20.000000
v 9.669419 -4.504844 20.000000
v 8.612605 -4.874640 20.000000
v 7.500000 -5.000000 20.000000
v 7.500000 -5.000000 10.000000
v 8.612605 -4.874640 10.000000
v 9.669419 -4.504844 10.000000
v 10.617449 -3.909157 10.000000
v 11.409157 -3.117449 10.000000
v 12.004844 -2.169419 10.000000
v 12.374640 -1.112605 10.000000
v -7.500000 -5.000000 10.000000
v -7.500000 -5.000000 20.000000
v -8.612605 -4.874640 20.000000
v -9.669419 -4.504844 20.000000
v -10.617449 -3.909157 20.000000
v -11.409157 -3.117449 20.000000
v -12.004844 -2.169419 20.000000
v -12.374640 -1.112605 20.000000
v -12.500000 -0.000000 20.000000
v -12.500000 -0.000000 10.000000
v -12.374640 -1.112605 10.000000
v -12.004844 -2.169419 10.000000
v -11.409157 -3.117449 10.000000
v -10.617449 -3.909157 10.000000
v -9.669419 -4.504844 10.000000
v -8.612605 -4.874640 10.000000
v -12.500000 7.500000 20.000000
v -12.500000 15.000000 20.000000
v -12.500000 15.000000 10.000000
v -12.500000 7.500000 10.000000
v -12.374640 16.112605 20.000000
v -12.004844 17.169419 20.000000
v -11.409157 18.117449 20.000000
v -10.617449 18.909157 20.000000
v -9.669419 19.504844 20.000000
v -8.612605 19.874640 20.000000
v -7.500000 20.000000 20.000000
v -7.500000 20.000000 10.000000
v -12.374640 16.112605 10.000000
v -12.004844 17.169419 10.000000
v -11.409157 18.117449 10.000000
v -10.617449 18.909157 10.000000
v -9.669419 19.504844 10.000000
v -8.612605 19.874640 10.000000
v -11.500000 9.000000 2.000000
v -11.348078 10.736482 2.000000
v -10.896926 12.420201 2.000000
v -10.160254 14.000000 2.000000
v -9.160444 15.427876 2.000000
v -7.927876 16.660444 2.000000
v -6.500000 17.660254 2.000000
v -4.920201 18.396926 2.000000
v -3.236482 18.848078 2.000000
v -1.500000 19.000000 2.000000
v -1.500000 19.000000 11.000000
v -1.500000 19.000000 20.000000
v -3.236482 18.848078 20.000000
v -4.920201 18.396926 20.000000
v -6.500000 17.660254 20.000000
v -7.927876 16.660444 20.000000
v -9.160444 15.427876 20.000000
v -10.160254 14.000000 20.000000
v -10.896926 12.420201 20.000000
v -11.348078 10.736482 20.000000
v -11.500000 9.000000 20.000000
v -11.500000 9.000000 11.000000
v -11.348078 10.736482 11.000000
v -10.896926 12.420201 11.000000
v -10.160254 14.000000 11.000000
v -9.160444 15.427876 11.000000
v -7.927876 16.660444 11.000000
v -6.500000 17.660254 11.000000
v -4.920201 18.396926 11.000000
v -3.236482 18.848078 11.000000
v 1.750000 7.500000 2.000000
v 1.690370 7.047067 2.000000
v 1.515544 6.625000 2.000000
v 1.237437 6.262563 2.000000
v 0.875000 5.984456 2.000000
v 0.452933 5.809630 2.000000
v -0.000000 5.750000 2.000000
v -0.452933 5.809630 2.000000
v -0.875000 5.984456 2.000000
v -1.237437 6.262563 2.000000
v -1.515544 6.625000 2.000000
v -1.690370 7.047067 2.000000
v -1.750000 7.500000 2.000000
v -1.690370 7.952933 2.000000
v -1.515544 8.375000 2.000000
v -1.237437 8.737437 2.000000
v -0.875000 9.015544 2.000000
v -0.452933 9.190370 2.000000
v -0.000000 9.250000 2.000000
v 0.452933 9.190370 2.000000
v 0.875000 9.015544 2.000000
v 1.237437 8.737437 2.000000
v 1.515544 8.375000 2.000000
v 1.690370 7.952933 2.000000
v -11.500000 6.000000 2.000000
v -11.348078 4.263518 2.000000
v -10.896926 2.579799 2.000000
v -10.160254 1.000000 2.000000
v -9.160444 -0.427876 2.000000
v -7.927876 -1.660444 2.000000
v -6.500000 -2.660254 2.000000
v -4.920201 -3.396926 2.000000
v -3.236482 -3.848078 2.000000
v -1.500000 -4.000000 2.000000
v 1.500000 -4.000000 2.000000
v 3.236482 -3.848078 2.000000
v 4.920201 -3.396926 2.000000
v 6.500000 -2.660254 2.000000
v 7.927876 -1.660444 2.000000
v 9.160444 -0.427876 2.000000
v 10.160254 1.000000 2.000000
v 10.896926 2.579799 2.000000
v 11.348078 4.263518 2.000000
v 11.500000 6.000000 2.000000
v 11.500000 6.500000 2.000000
v 11.346104 8.455431 2.000000
v 10.888206 10.362712 2.000000
v 10.137582 12.174881 2.000000
v 9.112712 13.847316 2.000000
v 7.838835 15.338835 2.000000
v 6.347316 16.612712 2.000000
v 4.674881 17.637582 2.000000
v 2.862712 18.388206 2.000000
v 0.955431 18.846104 2.000000
v -1.000000 19.000000 2.000000
v -11.500000 6.000000 20.000000
v -11.500000 6.000000 11.000000
v -11.348078 4.263518 20.000000
v -10.896926 2.579799 20.000000
v -10.160254 1.000000 20.000000
v -9.160444 -0.427876 20.000000
v -7.927876 -1.660444 20.000000
v -6.500000 -2.660254 20.000000
v -4.920201 -3.396926 20.000000
v -3.236482 -3.848078 20.000000
v -1.500000 -4.000000 20.000000
v -1.500000 -4.000000 11.000000
v -3.236482 -3.848078 11.000000
v -4.920201 -3.396926 11.000000
v -6.500000 -2.660254 11.000000
v -7.927876 -1.660444 11.000000
v -9.160444 -0.427876 11.000000
v -10.160254 1.000000 11.000000
v -10.896926 2.579799 11.000000
v -11.348078 4.263518 11.000000
v 1.500000 -4.000000 11.000000
v 1.500000 -4.000000 20.000000
v 3.236482 -3.848078 20.000000
v 4.920201 -3.396926 20.000000
v 6.500000 -2.660254 20.000000
v 7.927876 -1.660444 20.000000
v 9.160444 -0.427876 20.000000
v 10.160254 1.000000 20.000000
v 10.896926 2.579799 20.000000
v 11.348078 4.263518 20.000000
v 11.500000 6.000000 20.000000
v 11.500000 6.000000 11.000000
v 11.348078 4.263518 11.000000
v 10.896926 2.579799 11.000000
v 10.160254 1.000000 11.000000
v 9.160444 -0.427876 11.000000
v 7.927876 -1.660444 11.000000
v 6.500000 -2.660254 11.000000
v 4.920201 -3.396926 11.000000
v 3.236482 -3.848078 11.000000
v 11.500000 6.500000 20.000000
v 11.500000 6.500000 11.000000
v 11.346104 8.455431 20.000000
v 10.888206 10.362712 20.000000
v 10.137582 12.174881 20.000000
v 9.112712 13.847316 20.000000
v 7.838835 15.338835 20.000000
v 6.347316 16.612712 20.000000
v 4.674881 17.637582 20.000000
v 2.862712 18.388206 20.000000
v 0.955431 18.846104 20.000000
v -1.000000 19.000000 20.000000
v -1.000000 19.000000 11.000000
v 0.955431 18.846104 11.000000
v 2.862712 18.388206 11.000000
v 4.674881 17.637582 11.000000
v 6.347316 16.612712 11.000000
v 7.838835 15.338835 11.000000
v 9.112712 13.847316 11.000000
v 10.137582 12.174881 11.000000
v 10.888206 10.362712 11.000000
v 11.346104 8.455431 11.000000
v 0.000000 -5.000000 20.000000
v 0.000000 -5.000000 10.000000
v 0.000000 20.000000 20.000000
v 0.000000 20.000000 10.000000
v -4.166667 -4.164792 20.000000
vt -10.000000 3.926991 0.000000
vt -20.000000 3.926991 0.000000
vt -10.000000 2.804993 0.000000
vt -20.000000 2.804993 0.000000
vt -10.000000 1.682996 0.000000
vt -20.000000 1.682996 0.000000
vt -10.000000 0.560999 0.000000
vt -20.000000 0.560999 0.000000
vt -10.000000 -0.560999 0.000000
vt -20.000000 -0.560999 0.000000
vt -10.000000 -1.682996 0.000000
vt -20.000000 -1.682996 0.000000
vt -10.000000 -2.804993 0.000000
vt -20.000000 -2.804993 0.000000
vt -10.000000 -3.926991 0.000000
vt -20.000000 -3.926991 0.000000
vt -0.000000 -3.926991 0.000000
vt -0.000000 -2.804993 0.000000
vt -0.000000 -1.682996 0.000000
vt -0.000000 -0.560999 0.000000
vt -0.000000 0.560999 0.000000
vt -0.000000 1.682996 0.000000
vt -0.000000 2.804993 0.000000
vt -0.000000 3.926991 0.000000
vt -1.690370 7.952933 0.000000
vt -4.166667 11.666667 0.000000
vt -1.750000 7.500000 0.000000
vt -12.500000 7.500000 0.000000
vt -4.166667 3.333333 0.000000
vt -12.500000 -0.000000 0.000000
vt -12.374640 -1.112605 0.000000
vt -1.515544 8.375000 0.000000
vt -1.237437 8.737437 0.000000
vt -0.875000 9.015544 0.000000
vt -0.452933 9.190370 0.000000
vt 0.000000 9.250000 0.000000
vt -0.000000 20.000000 0.000000
vt 4.166667 11.666667 0.000000
vt 7.500000 20.000000 0.000000
vt 8.612605 19.874640 0.000000
vt 9.669419 19.504844 0.000000
vt 10.617449 18.909157 0.000000
vt 11.409157 18.117449 0.000000
vt 12.004844 17.169419 0.000000
vt 12.374640 16.112605 0.000000
vt 12.500000 15.000000 0.000000
vt 12.500000 7.500000 0.000000
vt 4.166667 4.944444 0.000000
vt 4.166667 3.333333 0.000000
vt 0.875000 5.984456 0.000000
vt 0.452933 5.809630 0.000000
vt 0.452933 9.190370 0.000000
vt 0.875000 9.015544 0.000000
vt 1.237437 8.737437 0.000000
vt 1.515544 8.375000 0.000000
vt 1.690370 7.952933 0.000000
vt 1.750000 7.500000 0.000000
vt 1.690370 7.047067 0.000000
vt 1.515544 6.625000 0.000000
vt 1.237437 6.262563 0.000000
vt 0.000000 5.750000 0.000000
vt -0.000000 -5.000000 0.000000
vt 7.500000 -5.000000 0.000000
vt -0.452933 5.809630 0.000000
vt -0.875000 5.984456 0.000000
vt -1.237437 6.262563 0.000000
vt -1.515544 6.625000 0.000000
vt -1.690370 7.047067 0.000000
vt -7.500000 20.000000 0.000000
vt -8.612605 19.874640 0.000000
vt -9.669419 19.504844 0.000000
vt -10.617449 18.909157 0.000000
vt -11.409157 18.117449 0.000000
vt -12.004844 17.169419 0.000000
vt -12.374640 16.112605 0.000000
vt -12.500000 15.000000 0.000000
vt -12.004844 -2.169419 0.000000
vt -11.409157 -3.117449 0.000000
vt -10.617449 -3.909157 0.000000
vt -9.669419 -4.504844 0.000000
vt -8.612605 -4.874640 0.000000
vt -7.500000 -5.000000 0.000000
vt 8.612605 -4.874640 0.000000
vt 9.669419 -4.504844 0.000000
vt 10.617449 -3.909157 0.000000
vt 11.409157 -3.117449 0.000000
vt 12.004844 -2.169419 0.000000
vt 12.374640 -1.112605 0.000000
vt 12.500000 -0.000000 0.000000
vt 0.000000 35.000000 0.000000
vt -10.000000 35.000000 0.000000
vt 0.000000 27.500000 0.000000
vt -10.000000 27.500000 0.000000
vt 0.000000 20.000000 0.000000
vt -10.000000 20.000000 0.000000
vt -20.000000 27.500000 0.000000
vt -20.000000 20.000000 0.000000
vt -20.000000 35.000000 0.000000
vt 10.000000 3.926991 0.000000
vt -0.000000 3.926991 0.000000
vt 10.000000 2.804993 0.000000
vt -0.000000 2.804993 0.000000
vt 10.000000 1.682996 0.000000
vt -0.000000 1.682996 0.000000
vt 10.000000 0.560999 0.000000
vt -0.000000 0.560999 0.000000
vt 10.000000 -0.560999 0.000000
vt -0.000000 -0.560999 0.000000
vt 10.000000 -1.682996 0.000000
vt -0.000000 -1.682996 0.000000
vt 10.000000 -2.804993 0.000000
vt -0.000000 -2.804993 0.000000
vt 10.000000 -3.926991 0.000000
vt -0.000000 -3.926991 0.000000
vt 20.000000 -3.926991 0.000000
vt 20.000000 -2.804993 0.000000
vt 20.000000 -1.682996 0.000000
vt 20.000000 -0.560999 0.000000
vt 20.000000 0.560999 0.000000
vt 20.000000 1.682996 0.000000
vt 20.000000 2.804993 0.000000
vt 20.000000 3.926991 0.000000
vt 10.000000 3.926991 0.000000
vt -0.000000 3.926991 0.000000
vt 10.000000 2.804993 0.000000
vt -0.000000 2.804993 0.000000
vt 10.000000 1.682996 0.000000
vt -0.000000 1.682996 0.000000
vt 10.000000 0.560999 0.000000
vt -0.000000 0.560999 0.000000
vt 10.000000 -0.560999 0.000000
vt -0.000000 -0.560999 0.000000
vt 10.000000 -1.682996 0.000000
vt -0.000000 -1.682996 0.000000
vt 10.000000 -2.804993 0.000000
vt -0.000000 -2.804993 0.000000
vt 10.000000 -3.926991 0.000000
vt -0.000000 -3.926991 0.000000
vt 20.000000 -3.926991 0.000000
vt 20.000000 -2.804993 0.000000
vt 20.000000 -1.682996 0.000000
vt 20.000000 -0.560999 0.000000
vt 20.000000 0.560999 0.000000
vt 20.000000 1.682996 0.000000
vt 20.000000 2.804993 0.000000
vt 20.000000 3.926991 0.000000
vt 12.500000 0.000000 0.000000
vt 20.000000 0.000000 0.000000
vt 12.500000 10.000000 0.000000
vt 20.000000 10.000000 0.000000
vt 12.500000 20.000000 0.000000
vt 20.000000 20.000000 0.000000
vt 5.000000 20.000000 0.000000
vt 5.000000 10.000000 0.000000
vt 5.000000 0.000000 0.000000
vt -10.000000 3.926991 0.000000
vt -20.000000 3.926991 0.000000
vt -10.000000 2.804993 0.000000
vt -20.000000 2.804993 0.000000
vt -10.000000 1.682996 0.000000
vt -20.000000 1.682996 0.000000
vt -10.000000 0.560999 0.000000
vt -20.000000 0.560999 0.000000
vt -10.000000 -0.560999 0.000000
vt -20.000000 -0.560999 0.000000
vt -10.000000 -1.682996 0.000000
vt -20.000000 -1.682996 0.000000
vt -10.000000 -2.804993 0.000000
vt -20.000000 -2.804993 0.000000
vt -10.000000 -3.926991 0.000000
vt -20.000000 -3.926991 0.000000
vt -0.000000 -3.926991 0.000000
vt -0.000000 -2.804993 0.000000
vt -0.000000 -1.682996 0.000000
vt -0.000000 -0.560999 0.000000
vt -0.000000 0.560999 0.000000
vt -0.000000 1.682996 0.000000
vt -0.000000 2.804993 0.000000
vt -0.000000 3.926991 0.000000
vt 9.000000 -7.853982 0.000000
vt 18.000000 -7.853982 0.000000
vt 9.000000 -6.108652 0.000000
vt 18.000000 -6.108652 0.000000
vt 9.000000 -4.363323 0.000000
vt 18.000000 -4.363323 0.000000
vt 9.000000 -2.617994 0.000000
vt 18.000000 -2.617994 0.000000
vt 9.000000 -0.872665 0.000000
vt 18.000000 -0.872665 0.000000
vt 9.000000 0.872665 0.000000
vt 18.000000 0.872665 0.000000
vt 9.000000 2.617994 0.000000
vt 18.000000 2.617994 0.000000
vt 9.000000 4.363323 0.000000
vt 18.000000 4.363323 0.000000
vt 9.000000 6.108652 0.000000
vt 18.000000 6.108652 0.000000
vt 9.000000 7.853982 0.000000
vt 18.000000 7.853982 0.000000
vt -0.000000 7.853982 0.000000
vt 0.000000 6.108652 0.000000
vt -0.000000 4.363323 0.000000
vt 0.000000 2.617994 0.000000
vt 0.000000 0.872665 0.000000
vt 0.000000 -0.872665 0.000000
vt 0.000000 -2.617994 0.000000
vt 0.000000 -4.363323 0.000000
vt 0.000000 -6.108652 0.000000
vt 0.000000 -7.853982 0.000000
vt 1.690370 -0.452933 0.000000
vt 11.500000 -1.000000 0.000000
vt 1.750000 0.000000 0.000000
vt 11.346104 0.955431 0.000000
vt 10.888206 2.862712 0.000000
vt 1.515544 -0.875000 0.000000
vt 11.348078 -3.236482 0.000000
vt 11.500000 -1.500000 0.000000
vt 1.237437 -1.237437 0.000000
vt 10.160254 -6.500000 0.000000
vt 10.896926 -4.920201 0.000000
vt 0.875000 -1.515544 0.000000
vt 6.500000 -10.160254 0.000000
vt 7.927876 -9.160444 0.000000
vt 9.160444 -7.927876 0.000000
vt 0.452933 -1.690370 0.000000
vt 3.236482 -11.348078 0.000000
vt 4.920201 -10.896926 0.000000
vt 1.500000 -11.500000 0.000000
vt -0.000000 -1.750000 0.000000
vt -1.500000 -11.500000 0.000000
vt -0.452933 -1.690370 0.000000
vt -3.236482 -11.348078 0.000000
vt -0.875000 -1.515544 0.000000
vt -4.920201 -10.896926 0.000000
vt -6.500000 -10.160254 0.000000
vt -1.237437 -1.237437 0.000000
vt -7.927876 -9.160444 0.000000
vt -9.160444 -7.927876 0.000000
vt -10.160254 -6.500000 0.000000
vt -1.515544 -0.875000 0.000000
vt -10.896926 -4.920201 0.000000
vt -11.348078 -3.236482 0.000000
vt -1.690370 -0.452933 0.000000
vt -11.500000 -1.500000 0.000000
vt -1.750000 0.000000 0.000000
vt -11.500000 1.500000 0.000000
vt -1.690370 0.452933 0.000000
vt -11.348078 3.236482 0.000000
vt -1.515544 0.875000 0.000000
vt -10.896926 4.920201 0.000000
vt -10.160254 6.500000 0.000000
vt -1.237437 1.237437 0.000000
vt -9.160444 7.927876 0.000000
vt -7.927876 9.160444 0.000000
vt -6.500000 10.160254 0.000000
vt -0.875000 1.515544 0.000000
vt -4.920201 10.896926 0.000000
vt -3.236482 11.348078 0.000000
vt -0.452933 1.690370 0.000000
vt -1.500000 11.500000 0.000000
vt -1.000000 11.500000 0.000000
vt -0.000000 1.750000 0.000000
vt 0.955431 11.346104 0.000000
vt 2.862712 10.888206 0.000000
vt 0.452933 1.690370 0.000000
vt 4.674881 10.137582 0.000000
vt 0.875000 1.515544 0.000000
vt 6.347316 9.112712 0.000000
vt 1.237437 1.237437 0.000000
vt 7.838835 7.838835 0.000000
vt 9.112712 6.347316 0.000000
vt 1.515544 0.875000 0.000000
vt 10.137582 4.674881 0.000000
vt 1.690370 0.452933 0.000000
vt -10.000000 18.000000 0.000000
vt -13.000000 18.000000 0.000000
vt -10.000000 9.000000 0.000000
vt -13.000000 9.000000 0.000000
vt -10.000000 0.000000 0.000000
vt -13.000000 0.000000 0.000000
vt 9.000000 -7.853982 0.000000
vt 18.000000 -7.853982 0.000000
vt 9.000000 -6.108652 0.000000
vt 18.000000 -6.108652 0.000000
vt 9.000000 -4.363323 0.000000
vt 18.000000 -4.363323 0.000000
vt 9.000000 -2.617994 0.000000
vt 18.000000 -2.617994 0.000000
vt 9.000000 -0.872665 0.000000
vt 18.000000 -0.872665 0.000000
vt 9.000000 0.872665 0.000000
vt 18.000000 0.872665 0.000000
vt 9.000000 2.617994 0.000000
vt 18.000000 2.617994 0.000000
vt 9.000000 4.363323 0.000000
vt 18.000000 4.363323 0.000000
vt 9.000000 6.108652 0.000000
vt 18.000000 6.108652 0.000000
vt 9.000000 7.853982 0.000000
vt 18.000000 7.853982 0.000000
vt 0.000000 7.853982 0.000000
vt 0.000000 6.108652 0.000000
vt 0.000000 4.363323 0.000000
vt 0.000000 2.617994 0.000000
vt 0.000000 0.872665 0.000000
vt 0.000000 -0.872665 0.000000
vt 0.000000 -2.617994 0.000000
vt 0.000000 -4.363323 0.000000
vt 0.000000 -6.108652 0.000000
vt 0.000000 -7.853982 0.000000
vt 9.000000 -7.853982 0.000000
vt 18.000000 -7.853982 0.000000
vt 9.000000 -6.108652 0.000000
vt 18.000000 -6.108652 0.000000
vt 9.000000 -4.363323 0.000000
vt 18.000000 -4.363323 0.000000
vt 9.000000 -2.617994 0.000000
vt 18.000000 -2.617994 0.000000
vt 9.000000 -0.872665 0.000000
vt 18.000000 -0.872665 0.000000
vt 9.000000 0.872665 0.000000
vt 18.000000 0.872665 0.000000
vt 9.000000 2.617994 0.000000
vt 18.000000 2.617994 0.000000
vt 9.000000 4.363323 0.000000
vt 18.000000 4.363323 0.000000
vt 9.000000 6.108652 0.000000
vt 18.000000 6.108652 0.000000
vt 9.000000 7.853982 0.000000
vt 18.000000 7.853982 0.000000
vt 0.000000 7.853982 0.000000
vt 0.000000 6.108652 0.000000
vt 0.000000 4.363323 0.000000
vt 0.000000 2.617994 0.000000
vt 0.000000 0.872665 0.000000
vt 0.000000 -0.872665 0.000000
vt 0.000000 -2.617994 0.000000
vt 0.000000 -4.363323 0.000000
vt 0.000000 -6.108652 0.000000
vt -0.000000 -7.853982 0.000000
vt -12.500000 18.000000 0.000000
vt -13.000000 18.000000 0.000000
vt -12.500000 9.000000 0.000000
vt -13.000000 9.000000 0.000000
vt -12.500000 0.000000 0.000000
vt -13.000000 0.000000 0.000000
vt 9.000000 -9.817477 0.000000
vt 18.000000 -9.817477 0.000000
vt 9.000000 -7.853982 0.000000
vt 18.000000 -7.853982 0.000000
vt 9.000000 -5.890486 0.000000
vt 18.000000 -5.890486 0.000000
vt 9.000000 -3.926991 0.000000
vt 18.000000 -3.926991 0.000000
vt 9.000000 -1.963495 0.000000
vt 18.000000 -1.963495 0.000000
vt 9.000000 0.000000 0.000000
vt 18.000000 0.000000 0.000000
vt 9.000000 1.963495 0.000000
vt 18.000000 1.963495 0.000000
vt 9.000000 3.926991 0.000000
vt 18.000000 3.926991 0.000000
vt 9.000000 5.890486 0.000000
vt 18.000000 5.890486 0.000000
vt 9.000000 7.853982 0.000000
vt 18.000000 7.853982 0.000000
vt 9.000000 9.817477 0.000000
vt 18.000000 9.817477 0.000000
vt 0.000000 9.817477 0.000000
vt 0.000000 7.853982 0.000000
vt 0.000000 5.890486 0.000000
vt 0.000000 3.926991 0.000000
vt 0.000000 1.963495 0.000000
vt 0.000000 -0.000000 0.000000
vt 0.000000 -1.963495 0.000000
vt 0.000000 -3.926991 0.000000
vt 0.000000 -5.890486 0.000000
vt 0.000000 -7.853982 0.000000
vt 0.000000 -9.817477 0.000000
vt -10.500000 0.000000 0.000000
vt -10.000000 0.000000 0.000000
vt -10.500000 9.000000 0.000000
vt -10.000000 9.000000 0.000000
vt -10.500000 18.000000 0.000000
vt -10.000000 18.000000 0.000000
vt 2.000000 -5.039638 0.000000
vt 0.000000 -5.039638 0.000000
vt 2.000000 -5.497787 0.000000
vt 0.000000 -5.497787 0.000000
vt 2.000000 5.497787 0.000000
vt 0.000000 5.497787 0.000000
vt 2.000000 5.039638 0.000000
vt 0.000000 5.039638 0.000000
vt 2.000000 4.581489 0.000000
vt 0.000000 4.581489 0.000000
vt 2.000000 4.123340 0.000000
vt 0.000000 4.123340 0.000000
vt 2.000000 3.665191 0.000000
vt 0.000000 3.665191 0.000000
vt 2.000000 3.207042 0.000000
vt 0.000000 3.207042 0.000000
vt 2.000000 2.748894 0.000000
vt 0.000000 2.748894 0.000000
vt 2.000000 2.290745 0.000000
vt 0.000000 2.290745 0.000000
vt 2.000000 1.832596 0.000000
vt 0.000000 1.832596 0.000000
vt 2.000000 1.374447 0.000000
vt 0.000000 1.374447 0.000000
vt 2.000000 0.916298 0.000000
vt 0.000000 0.916298 0.000000
vt 2.000000 0.458149 0.000000
vt 0.000000 0.458149 0.000000
vt 2.000000 0.000000 0.000000
vt 0.000000 0.000000 0.000000
vt 2.000000 -0.458149 0.000000
vt -0.000000 -0.458149 0.000000
vt 2.000000 -0.916298 0.000000
vt -0.000000 -0.916298 0.000000
vt 2.000000 -1.374447 0.000000
vt -0.000000 -1.374447 0.000000
vt 2.000000 -1.832596 0.000000
vt -0.000000 -1.832596 0.000000
vt 2.000000 -2.290745 0.000000
vt -0.000000 -2.290745 0.000000
vt 2.000000 -2.748894 0.000000
vt -0.000000 -2.748894 0.000000
vt 2.000000 -3.207042 0.000000
vt 0.000000 -3.207042 0.000000
vt 2.000000 -3.665191 0.000000
vt 0.000000 -3.665191 0.000000
vt 2.000000 -4.123340 0.000000
vt 0.000000 -4.123340 0.000000
vt 2.000000 -4.581489 0.000000
vt 0.000000 -4.581489 0.000000
vt -10.000000 18.000000 0.000000
vt -13.000000 18.000000 0.000000
vt -10.000000 9.000000 0.000000
vt -13.000000 9.000000 0.000000
vt -10.000000 0.000000 0.000000
vt -13.000000 0.000000 0.000000
vt 0.000000 20.000000 0.000000
vt -10.000000 20.000000 0.000000
vt 0.000000 12.500000 0.000000
vt -10.000000 12.500000 0.000000
vt 0.000000 5.000000 0.000000
vt -10.000000 5.000000 0.000000
vt -20.000000 12.500000 0.000000
vt -20.000000 5.000000 0.000000
vt -20.000000 20.000000 0.000000
vt 12.500000 20.000000 0.000000
vt 5.000000 20.000000 0.000000
vt 12.500000 10.000000 0.000000
vt 5.000000 10.000000 0.000000
vt 12.500000 0.000000 0.000000
vt 5.000000 0.000000 0.000000
vt 20.000000 0.000000 0.000000
vt 20.000000 10.000000 0.000000
vt 20.000000 20.000000 0.000000
vt 12.374640 16.112605 0.000000
vt 9.112712 13.847316 0.000000
vt 12.500000 15.000000 0.000000
vt 10.137582 12.174881 0.000000
vt 10.888206 10.362712 0.000000
vt 7.838835 15.338835 0.000000
vt 12.004844 17.169419 0.000000
vt 11.409157 18.117449 0.000000
vt 10.617449 18.909157 0.000000
vt 9.669419 19.504844 0.000000
vt 8.612605 19.874640 0.000000
vt 6.347316 16.612712 0.000000
vt 7.500000 20.000000 0.000000
vt 4.674881 17.637582 0.000000
vt 2.862712 18.388206 0.000000
vt 0.000000 20.000000 0.000000
vt 0.955431 18.846104 0.000000
vt -1.000000 19.000000 0.000000
vt -1.500000 19.000000 0.000000
vt -3.236482 18.848078 0.000000
vt -7.500000 20.000000 0.000000
vt -4.920201 18.396926 0.000000
vt -6.500000 17.660254 0.000000
vt -8.612605 19.874640 0.000000
vt -7.927876 16.660444 0.000000
vt -9.669419 19.504844 0.000000
vt -10.617449 18.909157 0.000000
vt -11.409157 18.117449 0.000000
vt -9.160444 15.427876 0.000000
vt -12.004844 17.169419 0.000000
vt -12.374640 16.112605 0.000000
vt -10.160254 14.000000 0.000000
vt -12.500000 15.000000 0.000000
vt -10.896926 12.420201 0.000000
vt -11.348078 10.736482 0.000000
vt -12.500000 7.500000 0.000000
vt -11.500000 9.000000 0.000000
vt -11.500000 6.000000 0.000000
vt -11.348078 4.263518 0.000000
vt -12.500000 -0.000000 0.000000
vt -10.896926 2.579799 0.000000
vt -10.160254 1.000000 0.000000
vt -12.374640 -1.112605 0.000000
vt -9.160444 -0.427876 0.000000
vt -12.004844 -2.169419 0.000000
vt -11.409157 -3.117449 0.000000
vt -7.927876 -1.660444 0.000000
vt -10.617449 -3.909157 0.000000
vt -9.669419 -4.504844 0.000000
vt -8.612605 -4.874640 0.000000
vt -6.500000 -2.660254 0.000000
vt -7.500000 -5.000000 0.000000
vt -4.920201 -3.396926 0.000000
vt -4.166667 -4.164792 0.000000
vt -3.236482 -3.848078 0.000000
vt 0.000000 -5.000000 0.000000
vt -1.500000 -4.000000 0.000000
vt 1.500000 -4.000000 0.000000
vt 3.236482 -3.848078 0.000000
vt 7.500000 -5.000000 0.000000
vt 4.920201 -3.396926 0.000000
vt 6.500000 -2.660254 0.000000
vt 8.612605 -4.874640 0.000000
vt 7.927876 -1.660444 0.000000
vt 9.669419 -4.504844 0.000000
vt 10.617449 -3.909157 0.000000
vt 11.409157 -3.117449 0.000000
vt 9.160444 -0.427876 0.000000
vt 12.004844 -2.169419 0.000000
vt 12.374640 -1.112605 0.000000
vt 10.160254 1.000000 0.000000
vt 12.500000 -0.000000 0.000000
vt 10.896926 2.579799 0.000000
vt 11.348078 4.263518 0.000000
vt 12.500000 7.500000 0.000000
vt 11.500000 6.000000 0.000000
vt 11.500000 6.500000 0.000000
vt 11.346104 8.455431 0.000000
vn -0.000000 1.000000 -0.000000
vn -0.000000 1.000000 -0.000000
vn 0.222521 0.974928 -0.000000
vn 0.222521 0.974928 -0.000000
vn 0.433884 0.900969 -0.000000
vn 0.433884 0.900969 -0.000000
vn 0.623490 0.781831 -0.000000
vn 0.623490 0.781831 -0.000000
vn 0.781831 0.623490 -0.000000
vn 0.781831 0.623490 -0.000000
vn 0.900969 0.433884 -0.000000
vn 0.900969 0.433884 -0.000000
vn 0.974928 0.222521 -0.000000
vn 0.974928 0.222521 -0.000000
vn 1.000000 -0.000000 -0.000000
vn 1.000000 -0.000000 -0.000000
vn 1.000000 -0.000000 -0.000000
vn 0.974928 0.222521 -0.000000
vn 0.900969 0.433884 -0.000000
vn 0.781831 0.623490 -0.000000
vn 0.623490 0.781831 -0.000000
vn 0.433884 0.900969 -0.000000
vn 0.222521 0.974928 -0.000000
vn -0.000000 1.000000 -0.000000
vn -0.000000 0.000000 -1.000000
vn -0.000000 0.000000 -1.000000
vn -0.000000 0.000000 -1.000000
vn -0.000000 0.000000 -1.000000
vn -0.000000 0.000000 -1.000000
vn -0.000000 0.000000 -1.000000
vn -0.000000 0.000000 -1.000000
vn -0.000000 0.000000 -1.000000
vn -0.000000 0.000000 -1.000000
vn -0.000000 0.000000 -1.000000
vn -0.000000 0.000000 -1.000000
vn -0.000000 0.000000 -1.000000
vn -0.000000 0.000000 -1.000000
vn -0.000000 0.000000 -1.000000
vn -0.000000 0.000000 -1.000000
vn -0.000000 0.000000 -1.000000
vn -0.000000 0.000000 -1.000000
vn -0.000000 0.000000 -1.000000
vn -0.000000 0.000000 -1.000000
vn -0.000000 0.000000 -1.000000
vn -0.000000 0.000000 -1.000000
vn -0.000000 0.000000 -1.000000
vn -0.000000 0.000000 -1.000000
vn -0.000000 0.000000 -1.000000
vn -0.000000 0.000000 -1.000000
vn -0.000000 0.000000 -1.000000
vn -0.000000 0.000000 -1.000000
vn -0.000000 0.000000 -1.000000
vn -0.000000 0.000000 -1.000000
vn -0.000000 0.000000 -1.000000
vn -0.000000 0.000000 -1.000000
vn -0.000000 0.000000 -1.000000
vn -0.000000 0.000000 -1.000000
vn -0.000000 0.000000 -1.000000
vn -0.000000 0.000000 -1.000000
vn -0.000000 0.000000 -1.000000
vn -0.000000 0.000000 -1.000000
vn -0.000000 0.000000 -1.000000
vn -0.000000 0.000000 -1.000000
vn -0.000000 0.000000 -1.000000
vn -0.000000 0.000000 -1.000000
vn -0.000000 0.000000 -1.000000
vn -0.000000 0.000000 -1.000000
vn -0.000000 0.000000 -1.000000
vn -0.000000 0.000000 -1.000000
vn -0.000000 0.000000 -1.000000
vn -0.000000 0.000000 -1.000000
vn -0.000000 0.000000 -1.000000
vn -0.000000 0.000000 -1.000000
vn -0.000000 0.000000 -1.000000
vn -0.000000 0.000000 -1.000000
vn -0.000000 0.000000 -1.000000
vn -0.000000 0.000000 -1.000000
vn -0.000000 0.000000 -1.000000
vn -0.000000 0.000000 -1.000000
vn -0.000000 0.000000 -1.000000
vn -0.000000 0.000000 -1.000000
vn -0.000000 0.000000 -1.000000
vn -0.000000 0.000000 -1.000000
vn -0.000000 0.000000 -1.000000
vn -0.000000 0.000000 -1.000000
vn -0.000000 0.000000 -1.000000
vn -0.000000 0.000000 -1.000000
vn -0.000000 0.000000 -1.000000
vn -0.000000 0.000000 -1.000000
vn 1.000000 0.000000 0.000000
vn 1.000000 0.000000 0.000000
vn 1.000000 0.000000 0.000000
vn 1.000000 0.000000 0.000000
vn 1.000000 0.000000 0.000000
vn 1.000000 0.000000 0.000000
vn -0.000000 -1.000000 -0.000000
vn 0.000000 -1.000000 -0.000000
vn 0.222521 -0.974928 -0.000000
vn 0.222521 -0.974928 -0.000000
vn 0.433884 -0.900969 -0.000000
vn 0.433884 -0.900969 -0.000000
vn 0.623490 -0.781831 -0.000000
vn 0.623490 -0.781831 -0.000000
vn 0.781831 -0.623490 -0.000000
vn 0.781831 -0.623490 -0.000000
vn 0.900969 -0.433884 -0.000000
vn 0.900969 -0.433884 -0.000000
vn 0.974928 -0.222521 -0.000000
vn 0.974928 -0.222521 -0.000000
vn 0.974928 -0.222521 -0.000000
vn 0.900969 -0.433884 -0.000000
vn 0.781831 -0.623490 -0.000000
vn 0.623490 -0.781831 -0.000000
vn 0.433884 -0.900969 -0.000000
vn 0.222521 -0.974928 -0.000000
vn -0.000000 -1.000000 -0.000000
vn -1.000000 -0.000000 0.000000
vn -1.000000 -0.000000 0.000000
vn -0.974928 -0.222521 0.000000
vn -0.974928 -0.222521 0.000000
vn -0.900969 -0.433884 0.000000
vn -0.900969 -0.433884 0.000000
vn -0.781831 -0.623490 0.000000
vn -0.781831 -0.623490 0.000000
vn -0.623490 -0.781831 0.000000
vn -0.623490 -0.781831 0.000000
vn -0.433884 -0.900969 0.000000
vn -0.433884 -0.900969 0.000000
vn -0.222521 -0.974928 0.000000
vn -0.222521 -0.974928 0.000000
vn -0.000000 -1.000000 -0.000000
vn -0.000000 -1.000000 -0.000000
vn -0.000000 -1.000000 -0.000000
vn -0.222521 -0.974928 0.000000
vn -0.433884 -0.900969 0.000000
vn -0.623490 -0.781831 0.000000
vn -0.781831 -0.623490 0.000000
vn -0.900969 -0.433884 0.000000
vn -0.974928 -0.222521 0.000000
vn -1.000000 -0.000000 0.000000
vn -1.000000 0.000000 0.000000
vn -1.000000 0.000000 0.000000
vn -1.000000 0.000000 0.000000
vn -1.000000 0.000000 0.000000
vn -1.000000 0.000000 0.000000
vn -1.000000 0.000000 0.000000
vn -0.974928 0.222521 -0.000000
vn -0.974928 0.222521 -0.000000
vn -0.900969 0.433884 -0.000000
vn -0.900969 0.433884 -0.000000
vn -0.781831 0.623490 -0.000000
vn -0.781831 0.623490 -0.000000
vn -0.623490 0.781831 -0.000000
vn -0.623490 0.781831 -0.000000
vn -0.433884 0.900969 -0.000000
vn -0.433884 0.900969 -0.000000
vn -0.222521 0.974928 -0.000000
vn -0.222521 0.974928 -0.000000
vn -0.000000 1.000000 -0.000000
vn -0.000000 1.000000 -0.000000
vn -0.000000 1.000000 -0.000000
vn -0.222521 0.974928 -0.000000
vn -0.433884 0.900969 -0.000000
vn -0.623490 0.781831 -0.000000
vn -0.781831 0.623490 -0.000000
vn -0.900969 0.433884 -0.000000
vn -0.974928 0.222521 -0.000000
vn 1.000000 -0.000000 0.000000
vn 1.000000 -0.000000 0.000000
vn 0.984808 -0.173648 0.000000
vn 0.984808 -0.173648 0.000000
vn 0.939693 -0.342020 0.000000
vn 0.939693 -0.342020 0.000000
vn 0.866025 -0.500000 0.000000
vn 0.866025 -0.500000 0.000000
vn 0.766044 -0.642788 0.000000
vn 0.766044 -0.642788 0.000000
vn 0.642788 -0.766044 0.000000
vn 0.642788 -0.766044 0.000000
vn 0.500000 -0.866025 0.000000
vn 0.500000 -0.866025 0.000000
vn 0.342020 -0.939693 0.000000
vn 0.342020 -0.939693 0.000000
vn 0.173648 -0.984808 0.000000
vn 0.173648 -0.984808 0.000000
vn -0.000000 -1.000000 0.000000
vn -0.000000 -1.000000 0.000000
vn -0.000000 -1.000000 0.000000
vn 0.173648 -0.984808 0.000000
vn 0.342020 -0.939693 0.000000
vn 0.500000 -0.866025 0.000000
vn 0.642788 -0.766044 0.000000
vn 0.766044 -0.642788 0.000000
vn 0.866025 -0.500000 0.000000
vn 0.939693 -0.342020 0.000000
vn 0.984808 -0.173648 0.000000
vn 1.000000 -0.000000 0.000000
vn -0.000000 -0.000000 1.000000
vn -0.000000 -0.000000 1.000000
vn -0.000000 -0.000000 1.000000
vn -0.000000 -0.000000 1.000000
vn -0.000000 -0.000000 1.000000
vn -0.000000 -0.000000 1.000000
vn -0.000000 -0.000000 1.000000
vn -0.000000 -0.000000 1.000000
vn -0.000000 -0.000000 1.000000
vn -0.000000 -0.000000 1.000000
vn -0.000000 -0.000000 1.000000
vn -0.000000 -0.000000 1.000000
vn -0.000000 -0.000000 1.000000
vn -0.000000 -0.000000 1.000000
vn -0.000000 -0.000000 1.000000
vn -0.000000 -0.000000 1.000000
vn -0.000000 -0.000000 1.000000
vn -0.000000 -0.000000 1.000000
vn -0.000000 -0.000000 1.000000
vn -0.000000 -0.000000 1.000000
vn -0.000000 -0.000000 1.000000
vn -0.000000 -0.000000 1.000000
vn -0.000000 -0.000000 1.000000
vn -0.000000 -0.000000 1.000000
vn -0.000000 -0.000000 1.000000
vn -0.000000 -0.000000 1.000000
vn -0.000000 -0.000000 1.000000
vn -0.000000 -0.000000 1.000000
vn -0.000000 -0.000000 1.000000
vn -0.000000 -0.000000 1.000000
vn -0.000000 -0.000000 1.000000
vn -0.000000 -0.000000 1.000000
vn -0.000000 -0.000000 1.000000
vn -0.000000 -0.000000 1.000000
vn -0.000000 -0.000000 1.000000
vn -0.000000 -0.000000 1.000000
vn -0.000000 -0.000000 1.000000
vn -0.000000 -0.000000 1.000000
vn -0.000000 -0.000000 1.000000
vn -0.000000 -0.000000 1.000000
vn -0.000000 -0.000000 1.000000
vn -0.000000 -0.000000 1.000000
vn -0.000000 -0.000000 1.000000
vn -0.000000 -0.000000 1.000000
vn -0.000000 -0.000000 1.000000
vn -0.000000 -0.000000 1.000000
vn -0.000000 -0.000000 1.000000
vn -0.000000 -0.000000 1.000000
vn -0.000000 -0.000000 1.000000
vn -0.000000 -0.000000 1.000000
vn -0.000000 -0.000000 1.000000
vn -0.000000 -0.000000 1.000000
vn -0.000000 -0.000000 1.000000
vn -0.000000 -0.000000 1.000000
vn -0.000000 -0.000000 1.000000
vn -0.000000 -0.000000 1.000000
vn -0.000000 -0.000000 1.000000
vn -0.000000 -0.000000 1.000000
vn -0.000000 -0.000000 1.000000
vn -0.000000 -0.000000 1.000000
vn -0.000000 -0.000000 1.000000
vn -0.000000 -0.000000 1.000000
vn -0.000000 -0.000000 1.000000
vn -0.000000 -0.000000 1.000000
vn -0.000000 -0.000000 1.000000
vn 1.000000 -0.000000 -0.000000
vn 1.000000 -0.000000 -0.000000
vn 1.000000 -0.000000 -0.000000
vn 0.000000 1.000000 0.000000
vn 0.000000 1.000000 0.000000
vn 0.173648 0.984808 0.000000
vn 0.173648 0.984808 0.000000
vn 0.342020 0.939693 0.000000
vn 0.342020 0.939693 0.000000
vn 0.500000 0.866025 0.000000
vn 0.500000 0.866025 0.000000
vn 0.642788 0.766044 0.000000
vn 0.642788 0.766044 0.000000
vn 0.766044 0.642788 0.000000
vn 0.766044 0.642788 0.000000
vn 0.866025 0.500000 0.000000
vn 0.866025 0.500000 0.000000
vn 0.939693 0.342020 0.000000
vn 0.939693 0.342020 0.000000
vn 0.984808 0.173648 0.000000
vn 0.984808 0.173648 0.000000
vn 0.984808 0.173648 0.000000
vn 0.939693 0.342020 0.000000
vn 0.866025 0.500000 0.000000
vn 0.766044 0.642788 0.000000
vn 0.642788 0.766044 0.000000
vn 0.500000 0.866025 0.000000
vn 0.342020 0.939693 0.000000
vn 0.173648 0.984808 0.000000
vn 0.000000 1.000000 0.000000
vn -1.000000 -0.000000 0.000000
vn -1.000000 -0.000000 0.000000
vn -0.984808 0.173648 0.000000
vn -0.984808 0.173648 0.000000
vn -0.939693 0.342020 0.000000
vn -0.939693 0.342020 0.000000
vn -0.866025 0.500000 0.000000
vn -0.866025 0.500000 0.000000
vn -0.766044 0.642788 0.000000
vn -0.766044 0.642788 0.000000
vn -0.642788 0.766044 0.000000
vn -0.642788 0.766044 0.000000
vn -0.500000 0.866025 0.000000
vn -0.500000 0.866025 0.000000
vn -0.342020 0.939693 0.000000
vn -0.342020 0.939693 0.000000
vn -0.173648 0.984808 0.000000
vn -0.173648 0.984808 0.000000
vn 0.000000 1.000000 0.000000
vn -0.000000 1.000000 0.000000
vn 0.000000 1.000000 0.000000
vn -0.173648 0.984808 0.000000
vn -0.342020 0.939693 0.000000
vn -0.500000 0.866025 0.000000
vn -0.642788 0.766044 0.000000
vn -0.766044 0.642788 0.000000
vn -0.866025 0.500000 0.000000
vn -0.939693 0.342020 0.000000
vn -0.984808 0.173648 0.000000
vn -1.000000 -0.000000 0.000000
vn -1.000000 -0.000000 -0.000000
vn -1.000000 -0.000000 -0.000000
vn -1.000000 -0.000000 -0.000000
vn 0.000000 -1.000000 -0.000000
vn 0.000000 -1.000000 -0.000000
vn -0.156434 -0.987688 0.000000
vn -0.156434 -0.987688 0.000000
vn -0.309017 -0.951057 0.000000
vn -0.309017 -0.951057 0.000000
vn -0.453990 -0.891007 0.000000
vn -0.453990 -0.891007 0.000000
vn -0.587785 -0.809017 0.000000
vn -0.587785 -0.809017 0.000000
vn -0.707107 -0.707107 0.000000
vn -0.707107 -0.707107 0.000000
vn -0.809017 -0.587785 0.000000
vn -0.809017 -0.587785 0.000000
vn -0.891007 -0.453990 0.000000
vn -0.891007 -0.453990 0.000000
vn -0.951057 -0.309017 0.000000
vn -0.951057 -0.309017 0.000000
vn -0.987688 -0.156434 0.000000
vn -0.987688 -0.156434 0.000000
vn -0.987688 -0.156434 0.000000
vn -0.951057 -0.309017 0.000000
vn -0.891007 -0.453990 0.000000
vn -0.809017 -0.587785 0.000000
vn -0.707107 -0.707107 0.000000
vn -0.587785 -0.809017 0.000000
vn -0.453990 -0.891007 0.000000
vn -0.309017 -0.951057 0.000000
vn -0.156434 -0.987688 0.000000
vn 0.000000 -1.000000 -0.000000
vn -0.965926 0.258819 0.000000
vn -0.965926 0.258819 0.000000
vn -1.000000 0.000000 0.000000
vn -1.000000 0.000000 0.000000
vn -0.965926 -0.258819 -0.000000
vn -0.965926 -0.258819 -0.000000
vn -0.866025 -0.500000 -0.000000
vn -0.866025 -0.500000 -0.000000
vn -0.707107 -0.707107 -0.000000
vn -0.707107 -0.707107 -0.000000
vn -0.500000 -0.866025 -0.000000
vn -0.500000 -0.866025 -0.000000
vn -0.258819 -0.965926 -0.000000
vn -0.258819 -0.965926 -0.000000
vn 0.000000 -1.000000 0.000000
vn 0.000000 -1.000000 0.000000
vn 0.258819 -0.965926 0.000000
vn 0.258819 -0.965926 0.000000
vn 0.500000 -0.866025 0.000000
vn 0.500000 -0.866025 0.000000
vn 0.707107 -0.707107 0.000000
vn 0.707107 -0.707107 0.000000
vn 0.866025 -0.500000 0.000000
vn 0.866025 -0.500000 0.000000
vn 0.965926 -0.258819 0.000000
vn 0.965926 -0.258819 0.000000
vn 1.000000 -0.000000 0.000000
vn 1.000000 -0.000000 0.000000
vn 0.965926 0.258819 0.000000
vn 0.965926 0.258819 0.000000
vn 0.866025 0.500000 0.000000
vn 0.866025 0.500000 0.000000
vn 0.707107 0.707107 0.000000
vn 0.707107 0.707107 0.000000
vn 0.500000 0.866025 0.000000
vn 0.500000 0.866025 0.000000
vn 0.258819 0.965926 0.000000
vn 0.258819 0.965926 0.000000
vn 0.000000 1.000000 0.000000
vn 0.000000 1.000000 0.000000
vn -0.258819 0.965926 0.000000
vn -0.258819 0.965926 0.000000
vn -0.500000 0.866025 0.000000
vn -0.500000 0.866025 0.000000
vn -0.707107 0.707107 0.000000
vn -0.707107 0.707107 0.000000
vn -0.866025 0.500000 0.000000
vn -0.866025 0.500000 0.000000
vn 0.000000 -1.000000 0.000000
vn 0.000000 -1.000000 0.000000
vn 0.000000 -1.000000 0.000000
vn 0.000000 1.000000 0.000000
vn 0.000000 1.000000 0.000000
vn 0.000000 1.000000 0.000000
vn 0.000000 0.000000 1.000000
vn 0.000000 0.000000 1.000000
vn 0.000000 0.000000 1.000000
vn 0.000000 0.000000 1.000000
vn 0.000000 0.000000 1.000000
vn 0.000000 0.000000 1.000000
vn 0.000000 0.000000 1.000000
vn 0.000000 0.000000 1.000000
vn 0.000000 0.000000 1.000000
vn 0.000000 0.000000 1.000000
vn 0.000000 0.000000 1.000000
vn 0.000000 0.000000 1.000000
vn 0.000000 0.000000 1.000000
vn 0.000000 0.000000 1.000000
vn 0.000000 0.000000 1.000000
vn 0.000000 0.000000 1.000000
vn 0.000000 0.000000 1.000000
vn 0.000000 0.000000 1.000000
vn 0.000000 0.000000 1.000000
vn 0.000000 0.000000 1.000000
vn 0.000000 0.000000 1.000000
vn 0.000000 0.000000 1.000000
vn 0.000000 0.000000 1.000000
vn 0.000000 0.000000 1.000000
vn 0.000000 0.000000 1.000000
vn 0.000000 0.000000 1.000000
vn 0.000000 0.000000 1.000000
vn 0.000000 0.000000 1.000000
vn 0.000000 0.000000 1.000000
vn 0.000000 0.000000 1.000000
vn 0.000000 0.000000 1.000000
vn 0.000000 0.000000 1.000000
vn 0.000000 0.000000 1.000000
vn 0.000000 0.000000 1.000000
vn 0.000000 0.000000 1.000000
vn 0.000000 0.000000 1.000000
vn 0.000000 0.000000 1.000000
vn 0.000000 0.000000 1.000000
vn 0.000000 0.000000 1.000000
vn 0.000000 0.000000 1.000000
vn 0.000000 0.000000 1.000000
vn 0.000000 0.000000 1.000000
vn 0.000000 0.000000 1.000000
vn 0.000000 0.000000 1.000000
vn 0.000000 0.000000 1.000000
vn 0.000000 0.000000 1.000000
vn 0.000000 0.000000 1.000000
vn 0.000000 0.000000 1.000000
vn 0.000000 0.000000 1.000000
vn 0.000000 0.000000 1.000000
vn 0.000000 0.000000 1.000000
vn 0.000000 0.000000 1.000000
vn 0.000000 0.000000 1.000000
vn 0.000000 0.000000 1.000000
vn 0.000000 0.000000 1.000000
vn 0.000000 0.000000 1.000000
vn 0.000000 0.000000 1.000000
vn 0.000000 0.000000 1.000000
vn 0.000000 0.000000 1.000000
vn 0.000000 0.000000 1.000000
vn 0.000000 0.000000 1.000000
vn 0.000000 0.000000 1.000000
vn 0.000000 0.000000 1.000000
vn 0.000000 0.000000 1.000000
vn 0.000000 0.000000 1.000000
vn 0.000000 0.000000 1.000000
vn 0.000000 0.000000 1.000000
vn 0.000000 0.000000 1.000000
vn 0.000000 0.000000 1.000000
vn 0.000000 0.000000 1.000000
vn 0.000000 0.000000 1.000000
vn 0.000000 0.000000 1.000000
vn 0.000000 0.000000 1.000000
vn 0.000000 0.000000 1.000000
vn 0.000000 0.000000 1.000000
vn 0.000000 0.000000 1.000000
vn 0.000000 0.000000 1.000000
vn 0.000000 0.000000 1.000000
usemtl Steel_-_Satin
f 18/1/1 1/2/2 19/3/3
f 19/3/3 1/2/2 2/4/4
f 19/3/3 2/4/4 20/5/5
f 20/5/5 2/4/4 3/6/6
f 20/5/5 3/6/6 21/7/7
f 21/7/7 3/6/6 4/8/8
f 21/7/7 4/8/8 22/9/9
f 22/9/9 4/8/8 5/10/10
f 22/9/9 5/10/10 23/11/11
f 23/11/11 5/10/10 6/12/12
f 23/11/11 6/12/12 24/13/13
f 24/13/13 6/12/12 7/14/14
f 24/13/13 7/14/14 9/15/15
f 9/15/15 7/14/14 8/16/16
f 9/15/15 10/17/17 24/13/13
f 24/13/13 10/17/17 11/18/18
f 24/13/13 11/18/18 23/11/11
f 23/11/11 11/18/18 12/19/19
f 23/11/11 12/19/19 22/9/9
f 22/9/9 12/19/19 13/20/20
f 22/9/9 13/20/20 21/7/7
f 21/7/7 13/20/20 14/21/21
f 21/7/7 14/21/21 20/5/5
f 20/5/5 14/21/21 15/22/22
f 20/5/5 15/22/22 19/3/3
f 19/3/3 15/22/22 16/23/23
f 19/3/3 16/23/23 18/1/1
f 18/1/1 16/23/23 17/24/24
f 26/25/25 80/26/26 25/27/27
f 25/27/27 80/26/26 49/28/28
f 25/27/27 49/28/28 81/29/29
f 81/29/29 49/28/28 50/30/30
f 81/29/29 50/30/30 51/31/31
f 26/25/25 27/32/32 80/26/26
f 80/26/26 27/32/32 28/33/33
f 80/26/26 28/33/33 29/34/34
f 29/34/34 30/35/35 80/26/26
f 80/26/26 30/35/35 31/36/36
f 80/26/26 31/36/36 76/37/37
f 76/37/37 31/36/36 78/38/38
f 76/37/37 78/38/38 75/39/39
f 75/39/39 78/38/38 74/40/40
f 74/40/40 78/38/38 73/41/41
f 73/41/41 78/38/38 72/42/42
f 72/42/42 78/38/38 71/43/43
f 71/43/43 78/38/38 70/44/44
f 70/44/44 78/38/38 69/45/45
f 69/45/45 78/38/38 68/46/46
f 68/46/46 78/38/38 67/47/47
f 67/47/47 78/38/38 79/48/48
f 67/47/47 79/48/48 77/49/49
f 77/49/49 79/48/48 41/50/50
f 77/49/49 41/50/50 42/51/51
f 31/36/36 32/52/52 78/38/38
f 78/38/38 32/52/52 33/53/53
f 78/38/38 33/53/53 34/54/54
f 34/54/54 35/55/55 78/38/38
f 78/38/38 35/55/55 36/56/56
f 78/38/38 36/56/56 79/48/48
f 79/48/48 36/56/56 37/57/57
f 79/48/48 37/57/57 38/58/58
f 38/58/58 39/59/59 79/48/48
f 79/48/48 39/59/59 40/60/60
f 79/48/48 40/60/60 41/50/50
f 42/51/51 43/61/61 77/49/49
f 77/49/49 43/61/61 58/62/62
f 77/49/49 58/62/62 59/63/63
f 58/62/62 43/61/61 81/29/29
f 81/29/29 43/61/61 44/64/64
f 81/29/29 44/64/64 45/65/65
f 45/65/65 46/66/66 81/29/29
f 81/29/29 46/66/66 47/67/67
f 81/29/29 47/67/67 48/68/68
f 48/68/68 25/27/27 81/29/29
f 76/37/37 17/69/69 80/26/26
f 80/26/26 17/69/69 16/70/70
f 80/26/26 16/70/70 15/71/71
f 15/71/71 14/72/72 80/26/26
f 80/26/26 14/72/72 13/73/73
f 80/26/26 13/73/73 12/74/74
f 12/74/74 11/75/75 80/26/26
f 80/26/26 11/75/75 10/76/76
f 80/26/26 10/76/76 49/28/28
f 51/31/31 52/77/77 81/29/29
f 81/29/29 52/77/77 53/78/78
f 81/29/29 53/78/78 54/79/79
f 54/79/79 55/80/80 81/29/29
f 81/29/29 55/80/80 56/81/81
f 81/29/29 56/81/81 57/82/82
f 57/82/82 58/62/62 81/29/29
f 59/63/63 60/83/83 77/49/49
f 77/49/49 60/83/83 61/84/84
f 77/49/49 61/84/84 62/85/85
f 62/85/85 63/86/86 77/49/49
f 77/49/49 63/86/86 64/87/87
f 77/49/49 64/87/87 65/88/88
f 65/88/88 66/89/89 77/49/49
f 77/49/49 66/89/89 67/47/47
f 10/90/17 9/91/15 49/92/90
f 49/92/90 9/91/15 85/93/91
f 49/92/90 85/93/91 50/94/92
f 50/94/92 85/93/91 84/95/93
f 84/95/93 85/93/91 82/96/94
f 84/95/93 82/96/94 83/97/95
f 9/91/15 8/98/16 85/93/91
f 85/93/91 8/98/16 82/96/94
f 93/99/96 57/100/97 94/101/98
f 94/101/98 57/100/97 56/102/99
f 94/101/98 56/102/99 95/103/100
f 95/103/100 56/102/99 55/104/101
f 95/103/100 55/104/101 96/105/102
f 96/105/102 55/104/101 54/106/103
f 96/105/102 54/106/103 97/107/104
f 97/107/104 54/106/103 53/108/105
f 97/107/104 53/108/105 98/109/106
f 98/109/106 53/108/105 52/110/107
f 98/109/106 52/110/107 99/111/108
f 99/111/108 52/110/107 51/112/109
f 99/111/108 51/112/109 84/113/93
f 84/113/93 51/112/109 50/114/92
f 84/113/93 83/115/95 99/111/108
f 99/111/108 83/115/95 86/116/110
f 99/111/108 86/116/110 98/109/106
f 98/109/106 86/116/110 87/117/111
f 98/109/106 87/117/111 97/107/104
f 97/107/104 87/117/111 88/118/112
f 97/107/104 88/118/112 96/105/102
f 96/105/102 88/118/112 89/119/113
f 96/105/102 89/119/113 95/103/100
f 95/103/100 89/119/113 90/120/114
f 95/103/100 90/120/114 94/101/98
f 94/101/98 90/120/114 91/121/115
f 94/101/98 91/121/115 93/99/96
f 93/99/96 91/121/115 92/122/116
f 109/123/117 66/124/118 110/125/119
f 110/125/119 66/124/118 65/126/120
f 110/125/119 65/126/120 111/127/121
f 111/127/121 65/126/120 64/128/122
f 111/127/121 64/128/122 112/129/123
f 112/129/123 64/128/122 63/130/124
f 112/129/123 63/130/124 113/131/125
f 113/131/125 63/130/124 62/132/126
f 113/131/125 62/132/126 114/133/127
f 114/133/127 62/132/126 61/134/128
f 114/133/127 61/134/128 115/135/129
f 115/135/129 61/134/128 60/136/130
f 115/135/129 60/136/130 100/137/131
f 100/137/131 60/136/130 59/138/132
f 100/137/131 101/139/133 115/135/129
f 115/135/129 101/139/133 102/140/134
f 115/135/129 102/140/134 114/133/127
f 114/133/127 102/140/134 103/141/135
f 114/133/127 103/141/135 113/131/125
f 113/131/125 103/141/135 104/142/136
f 113/131/125 104/142/136 112/129/123
f 112/129/123 104/142/136 105/143/137
f 112/129/123 105/143/137 111/127/121
f 111/127/121 105/143/137 106/144/138
f 111/127/121 106/144/138 110/125/119
f 110/125/119 106/144/138 107/145/139
f 110/125/119 107/145/139 109/123/117
f 109/123/117 107/145/139 108/146/140
f 67/147/141 66/148/118 119/149/142
f 119/149/142 66/148/118 109/150/117
f 119/149/142 109/150/117 116/151/143
f 116/151/143 109/150/117 108/152/140
f 116/151/143 117/153/144 119/149/142
f 119/149/142 117/153/144 118/154/145
f 119/149/142 118/154/145 67/147/141
f 67/147/141 118/154/145 68/155/146
f 118/156/145 117/157/144 128/158/147
f 128/158/147 117/157/144 120/159/148
f 128/158/147 120/159/148 129/160/149
f 129/160/149 120/159/148 121/161/150
f 129/160/149 121/161/150 130/162/151
f 130/162/151 121/161/150 122/163/152
f 130/162/151 122/163/152 131/164/153
f 131/164/153 122/163/152 123/165/154
f 131/164/153 123/165/154 132/166/155
f 132/166/155 123/165/154 124/167/156
f 132/166/155 124/167/156 133/168/157
f 133/168/157 124/167/156 125/169/158
f 133/168/157 125/169/158 127/170/159
f 127/170/159 125/169/158 126/171/160
f 127/170/159 75/172/161 133/168/157
f 133/168/157 75/172/161 74/173/162
f 133/168/157 74/173/162 132/166/155
f 132/166/155 74/173/162 73/174/163
f 132/166/155 73/174/163 131/164/153
f 131/164/153 73/174/163 72/175/164
f 131/164/153 72/175/164 130/162/151
f 130/162/151 72/175/164 71/176/165
f 130/162/151 71/176/165 129/160/149
f 129/160/149 71/176/165 70/177/166
f 129/160/149 70/177/166 128/158/147
f 128/158/147 70/177/166 69/178/167
f 128/158/147 69/178/167 118/156/145
f 118/156/145 69/178/167 68/179/146
f 155/180/168 134/181/169 156/182/170
f 156/182/170 134/181/169 135/183/171
f 156/182/170 135/183/171 157/184/172
f 157/184/172 135/183/171 136/185/173
f 157/184/172 136/185/173 158/186/174
f 158/186/174 136/185/173 137/187/175
f 158/186/174 137/187/175 159/188/176
f 159/188/176 137/187/175 138/189/177
f 159/188/176 138/189/177 160/190/178
f 160/190/178 138/189/177 139/191/179
f 160/190/178 139/191/179 161/192/180
f 161/192/180 139/191/179 140/193/181
f 161/192/180 140/193/181 162/194/182
f 162/194/182 140/193/181 141/195/183
f 162/194/182 141/195/183 163/196/184
f 163/196/184 141/195/183 142/197/185
f 163/196/184 142/197/185 144/198/186
f 144/198/186 142/197/185 143/199/187
f 144/198/186 145/200/188 163/196/184
f 163/196/184 145/200/188 146/201/189
f 163/196/184 146/201/189 162/194/182
f 162/194/182 146/201/189 147/202/190
f 162/194/182 147/202/190 161/192/180
f 161/192/180 147/202/190 148/203/191
f 161/192/180 148/203/191 160/190/178
f 160/190/178 148/203/191 149/204/192
f 160/190/178 149/204/192 159/188/176
f 159/188/176 149/204/192 150/205/193
f 159/188/176 150/205/193 158/186/174
f 158/186/174 150/205/193 151/206/194
f 158/186/174 151/206/194 157/184/172
f 157/184/172 151/206/194 152/207/195
f 157/184/172 152/207/195 156/182/170
f 156/182/170 152/207/195 153/208/196
f 156/182/170 153/208/196 155/180/168
f 155/180/168 153/208/196 154/209/197
f 165/210/198 208/211/199 164/212/200
f 164/212/200 208/211/199 209/213/201
f 164/212/200 209/213/201 210/214/202
f 166/215/203 206/216/204 165/210/198
f 165/210/198 206/216/204 207/217/205
f 165/210/198 207/217/205 208/211/199
f 167/218/206 204/219/207 166/215/203
f 166/215/203 204/219/207 205/220/208
f 166/215/203 205/220/208 206/216/204
f 168/221/209 201/222/210 167/218/206
f 167/218/206 201/222/210 202/223/211
f 167/218/206 202/223/211 203/224/212
f 169/225/213 199/226/214 168/221/209
f 168/221/209 199/226/214 200/227/215
f 168/221/209 200/227/215 201/222/210
f 199/226/214 169/225/213 198/228/216
f 198/228/216 169/225/213 170/229/217
f 198/228/216 170/229/217 197/230/218
f 197/230/218 170/229/217 171/231/219
f 197/230/218 171/231/219 196/232/220
f 196/232/220 171/231/219 172/233/221
f 196/232/220 172/233/221 195/234/222
f 195/234/222 172/233/221 194/235/223
f 194/235/223 172/233/221 173/236/224
f 194/235/223 173/236/224 193/237/225
f 193/237/225 173/236/224 192/238/226
f 192/238/226 173/236/224 191/239/227
f 191/239/227 173/236/224 174/240/228
f 191/239/227 174/240/228 190/241/229
f 190/241/229 174/240/228 189/242/230
f 189/242/230 174/240/228 175/243/231
f 189/242/230 175/243/231 188/244/232
f 188/244/232 175/243/231 176/245/233
f 188/244/232 176/245/233 134/246/234
f 134/246/234 176/245/233 177/247/235
f 134/246/234 177/247/235 135/248/236
f 135/248/236 177/247/235 178/249/237
f 135/248/236 178/249/237 136/250/238
f 136/250/238 178/249/237 137/251/239
f 137/251/239 178/249/237 179/252/240
f 137/251/239 179/252/240 138/253/241
f 138/253/241 179/252/240 139/254/242
f 139/254/242 179/252/240 140/255/243
f 140/255/243 179/252/240 180/256/244
f 140/255/243 180/256/244 141/257/245
f 141/257/245 180/256/244 142/258/246
f 142/258/246 180/256/244 181/259/247
f 142/258/246 181/259/247 143/260/248
f 143/260/248 181/259/247 218/261/249
f 218/261/249 181/259/247 182/262/250
f 218/261/249 182/262/250 217/263/251
f 217/263/251 182/262/250 216/264/252
f 216/264/252 182/262/250 183/265/253
f 216/264/252 183/265/253 215/266/254
f 215/266/254 183/265/253 184/267/255
f 215/266/254 184/267/255 214/268/256
f 214/268/256 184/267/255 185/269/257
f 214/268/256 185/269/257 213/270/258
f 213/270/258 185/269/257 212/271/259
f 212/271/259 185/269/257 186/272/260
f 212/271/259 186/272/260 211/273/261
f 211/273/261 186/272/260 187/274/262
f 211/273/261 187/274/262 210/214/202
f 210/214/202 187/274/262 164/212/200
f 203/224/212 204/219/207 167/218/206
f 188/275/263 134/276/169 220/277/264
f 220/277/264 134/276/169 155/278/168
f 220/277/264 155/278/168 219/279/265
f 219/279/265 155/278/168 154/280/197
f 230/281/266 197/282/267 231/283/268
f 231/283/268 197/282/267 196/284/269
f 231/283/268 196/284/269 232/285/270
f 232/285/270 196/284/269 195/286/271
f 232/285/270 195/286/271 233/287/272
f 233/287/272 195/286/271 194/288/273
f 233/287/272 194/288/273 234/289/274
f 234/289/274 194/288/273 193/290/275
f 234/289/274 193/290/275 235/291/276
f 235/291/276 193/290/275 192/292/277
f 235/291/276 192/292/277 236/293/278
f 236/293/278 192/292/277 191/294/279
f 236/293/278 191/294/279 237/295/280
f 237/295/280 191/294/279 190/296/281
f 237/295/280 190/296/281 238/297/282
f 238/297/282 190/296/281 189/298/283
f 238/297/282 189/298/283 220/299/264
f 220/299/264 189/298/283 188/300/263
f 220/299/264 219/301/265 238/297/282
f 238/297/282 219/301/265 221/302/284
f 238/297/282 221/302/284 237/295/280
f 237/295/280 221/302/284 222/303/285
f 237/295/280 222/303/285 236/293/278
f 236/293/278 222/303/285 223/304/286
f 236/293/278 223/304/286 235/291/276
f 235/291/276 223/304/286 224/305/287
f 235/291/276 224/305/287 234/289/274
f 234/289/274 224/305/287 225/306/288
f 234/289/274 225/306/288 233/287/272
f 233/287/272 225/306/288 226/307/289
f 233/287/272 226/307/289 232/285/270
f 232/285/270 226/307/289 227/308/290
f 232/285/270 227/308/290 231/283/268
f 231/283/268 227/308/290 228/309/291
f 231/283/268 228/309/291 230/281/266
f 230/281/266 228/309/291 229/310/292
f 250/311/293 207/312/294 251/313/295
f 251/313/295 207/312/294 206/314/296
f 251/313/295 206/314/296 252/315/297
f 252/315/297 206/314/296 205/316/298
f 252/315/297 205/316/298 253/317/299
f 253/317/299 205/316/298 204/318/300
f 253/317/299 204/318/300 254/319/301
f 254/319/301 204/318/300 203/320/302
f 254/319/301 203/320/302 255/321/303
f 255/321/303 203/320/302 202/322/304
f 255/321/303 202/322/304 256/323/305
f 256/323/305 202/322/304 201/324/306
f 256/323/305 201/324/306 257/325/307
f 257/325/307 201/324/306 200/326/308
f 257/325/307 200/326/308 258/327/309
f 258/327/309 200/326/308 199/328/310
f 258/327/309 199/328/310 239/329/311
f 239/329/311 199/328/310 198/330/312
f 239/329/311 240/331/313 258/327/309
f 258/327/309 240/331/313 241/332/314
f 258/327/309 241/332/314 257/325/307
f 257/325/307 241/332/314 242/333/315
f 257/325/307 242/333/315 256/323/305
f 256/323/305 242/333/315 243/334/316
f 256/323/305 243/334/316 255/321/303
f 255/321/303 243/334/316 244/335/317
f 255/321/303 244/335/317 254/319/301
f 254/319/301 244/335/317 245/336/318
f 254/319/301 245/336/318 253/317/299
f 253/317/299 245/336/318 246/337/319
f 253/317/299 246/337/319 252/315/297
f 252/315/297 246/337/319 247/338/320
f 252/315/297 247/338/320 251/313/295
f 251/313/295 247/338/320 248/339/321
f 251/313/295 248/339/321 250/311/293
f 250/311/293 248/339/321 249/340/322
f 208/341/323 207/342/294 260/343/324
f 260/343/324 207/342/294 250/344/293
f 260/343/324 250/344/293 259/345/325
f 259/345/325 250/344/293 249/346/322
f 271/347/326 218/348/327 272/349/328
f 272/349/328 218/348/327 217/350/329
f 272/349/328 217/350/329 273/351/330
f 273/351/330 217/350/329 216/352/331
f 273/351/330 216/352/331 274/353/332
f 274/353/332 216/352/331 215/354/333
f 274/353/332 215/354/333 275/355/334
f 275/355/334 215/354/333 214/356/335
f 275/355/334 214/356/335 276/357/336
f 276/357/336 214/356/335 213/358/337
f 276/357/336 213/358/337 277/359/338
f 277/359/338 213/358/337 212/360/339
f 277/359/338 212/360/339 278/361/340
f 278/361/340 212/360/339 211/362/341
f 278/361/340 211/362/341 279/363/342
f 279/363/342 211/362/341 210/364/343
f 279/363/342 210/364/343 280/365/344
f 280/365/344 210/364/343 209/366/345
f 280/365/344 209/366/345 260/367/324
f 260/367/324 209/366/345 208/368/323
f 260/367/324 259/369/325 280/365/344
f 280/365/344 259/369/325 261/370/346
f 280/365/344 261/370/346 279/363/342
f 279/363/342 261/370/346 262/371/347
f 279/363/342 262/371/347 278/361/340
f 278/361/340 262/371/347 263/372/348
f 278/361/340 263/372/348 277/359/338
f 277/359/338 263/372/348 264/373/349
f 277/359/338 264/373/349 276/357/336
f 276/357/336 264/373/349 265/374/350
f 276/357/336 265/374/350 275/355/334
f 275/355/334 265/374/350 266/375/351
f 275/355/334 266/375/351 274/353/332
f 274/353/332 266/375/351 267/376/352
f 274/353/332 267/376/352 273/351/330
f 273/351/330 267/376/352 268/377/353
f 273/351/330 268/377/353 272/349/328
f 272/349/328 268/377/353 269/378/354
f 272/349/328 269/378/354 271/347/326
f 271/347/326 269/378/354 270/379/355
f 270/380/355 145/381/188 271/382/326
f 271/382/326 145/381/188 144/383/186
f 271/382/326 144/383/186 218/384/327
f 218/384/327 144/383/186 143/385/187
f 48/386/356 165/387/357 25/388/358
f 25/388/358 165/387/357 164/389/359
f 25/390/358 164/391/359 26/392/360
f 26/392/360 164/391/359 187/393/361
f 26/392/360 187/393/361 27/394/362
f 27/394/362 187/393/361 186/395/363
f 27/394/362 186/395/363 28/396/364
f 28/396/364 186/395/363 185/397/365
f 28/396/364 185/397/365 29/398/366
f 29/398/366 185/397/365 184/399/367
f 29/398/366 184/399/367 30/400/368
f 30/400/368 184/399/367 183/401/369
f 30/400/368 183/401/369 31/402/370
f 31/402/370 183/401/369 182/403/371
f 31/402/370 182/403/371 32/404/372
f 32/404/372 182/403/371 181/405/373
f 32/404/372 181/405/373 33/406/374
f 33/406/374 181/405/373 180/407/375
f 33/406/374 180/407/375 34/408/376
f 34/408/376 180/407/375 179/409/377
f 34/408/376 179/409/377 35/410/378
f 35/410/378 179/409/377 178/411/379
f 35/410/378 178/411/379 36/412/380
f 36/412/380 178/411/379 177/413/381
f 36/412/380 177/413/381 37/414/382
f 37/414/382 177/413/381 176/415/383
f 37/414/382 176/415/383 38/416/384
f 38/416/384 176/415/383 175/417/385
f 38/416/384 175/417/385 39/418/386
f 39/418/386 175/417/385 174/419/387
f 39/418/386 174/419/387 40/420/388
f 40/420/388 174/419/387 173/421/389
f 40/420/388 173/421/389 41/422/390
f 41/422/390 173/421/389 172/423/391
f 41/422/390 172/423/391 42/424/392
f 42/424/392 172/423/391 171/425/393
f 42/424/392 171/425/393 43/426/394
f 43/426/394 171/425/393 170/427/395
f 43/426/394 170/427/395 44/428/396
f 44/428/396 170/427/395 169/429/397
f 44/428/396 169/429/397 45/430/398
f 45/430/398 169/429/397 168/431/399
f 45/430/398 168/431/399 46/432/400
f 46/432/400 168/431/399 167/433/401
f 46/432/400 167/433/401 47/434/402
f 47/434/402 167/433/401 166/435/403
f 47/434/402 166/435/403 48/386/356
f 48/386/356 166/435/403 165/387/357
f 198/436/312 197/437/267 239/438/311
f 239/438/311 197/437/267 230/439/266
f 239/438/311 230/439/266 240/440/313
f 240/440/313 230/439/266 229/441/292
f 57/442/97 93/443/96 58/444/404
f 58/444/404 93/443/96 282/445/405
f 58/444/404 282/445/405 59/446/132
f 59/446/132 282/445/405 100/447/131
f 100/447/131 282/445/405 281/448/406
f 100/447/131 281/448/406 101/449/133
f 93/443/96 92/450/116 282/445/405
f 282/445/405 92/450/116 281/448/406
f 283/451/407 1/452/2 284/453/408
f 284/453/408 1/452/2 18/454/1
f 284/453/408 18/454/1 76/455/409
f 76/455/409 18/454/1 17/456/24
f 76/455/409 75/457/161 284/453/408
f 284/453/408 75/457/161 127/458/159
f 284/453/408 127/458/159 283/451/407
f 283/451/407 127/458/159 126/459/160
f 7/460/410 264/461/411 8/462/412
f 8/462/412 264/461/411 263/463/413
f 8/462/412 263/463/413 262/464/414
f 264/461/411 7/460/410 265/465/415
f 265/465/415 7/460/410 6/466/416
f 265/465/415 6/466/416 5/467/417
f 5/467/417 4/468/418 265/465/415
f 265/465/415 4/468/418 3/469/419
f 265/465/415 3/469/419 2/470/420
f 265/465/415 2/470/420 266/471/421
f 266/471/421 2/470/420 1/472/422
f 266/471/421 1/472/422 267/473/423
f 267/473/423 1/472/422 268/474/424
f 268/474/424 1/472/422 283/475/425
f 268/474/424 283/475/425 269/476/426
f 269/476/426 283/475/425 270/477/427
f 270/477/427 283/475/425 145/478/428
f 145/478/428 283/475/425 146/479/429
f 146/479/429 283/475/425 126/480/430
f 146/479/429 126/480/430 147/481/431
f 147/481/431 126/480/430 148/482/432
f 148/482/432 126/480/430 125/483/433
f 148/482/432 125/483/433 149/484/434
f 149/484/434 125/483/433 124/485/435
f 149/484/434 124/485/435 123/486/436
f 123/486/436 122/487/437 149/484/434
f 149/484/434 122/487/437 150/488/438
f 150/488/438 122/487/437 121/489/439
f 150/488/438 121/489/439 120/490/440
f 150/488/438 120/490/440 151/491/441
f 151/491/441 120/490/440 117/492/442
f 151/491/441 117/492/442 152/493/443
f 152/493/443 117/492/442 153/494/444
f 153/494/444 117/492/442 116/495/445
f 153/494/444 116/495/445 154/496/446
f 154/496/446 116/495/445 219/497/447
f 219/497/447 116/495/445 221/498/448
f 221/498/448 116/495/445 108/499/449
f 221/498/448 108/499/449 222/500/450
f 222/500/450 108/499/449 223/501/451
f 223/501/451 108/499/449 107/502/452
f 223/501/451 107/502/452 224/503/453
f 224/503/453 107/502/452 106/504/454
f 224/503/453 106/504/454 105/505/455
f 224/503/453 105/505/455 225/506/456
f 225/506/456 105/505/455 104/507/457
f 225/506/456 104/507/457 103/508/458
f 103/508/458 102/509/459 225/506/456
f 225/506/456 102/509/459 226/510/460
f 226/510/460 102/509/459 101/511/461
f 226/510/460 101/511/461 227/512/462
f 227/512/462 101/511/461 285/513/463
f 227/512/462 285/513/463 228/514/464
f 228/514/464 285/513/463 281/515/465
f 228/514/464 281/515/465 229/516/466
f 229/516/466 281/515/465 240/517/467
f 240/517/467 281/515/465 241/518/468
f 241/518/468 281/515/465 92/519/469
f 241/518/468 92/519/469 242/520/470
f 242/520/470 92/519/469 243/521/471
f 243/521/471 92/519/469 91/522/472
f 243/521/471 91/522/472 244/523/473
f 244/523/473 91/522/472 90/524/474
f 244/523/473 90/524/474 89/525/475
f 101/511/461 281/515/465 285/513/463
f 89/525/475 88/526/476 244/523/473
f 244/523/473 88/526/476 245/527/477
f 245/527/477 88/526/476 87/528/478
f 245/527/477 87/528/478 86/529/479
f 245/527/477 86/529/479 246/530/480
f 246/530/480 86/529/479 83/531/481
f 246/530/480 83/531/481 247/532/482
f 247/532/482 83/531/481 248/533/483
f 248/533/483 83/531/481 82/534/484
f 248/533/483 82/534/484 249/535/485
f 249/535/485 82/534/484 259/536/486
f 259/536/486 82/534/484 261/537/487
f 261/537/487 82/534/484 262/464/414
f 262/464/414 82/534/484 8/462/412
g Body2

v -1.500000 7.500000 2.000000
v -1.448889 7.888229 2.000000
v -1.299038 8.250000 2.000000
v -1.060660 8.560660 2.000000
v -0.750000 8.799038 2.000000
v -0.388229 8.948889 2.000000
v 0.000000 9.000000 2.000000
v 0.388229 8.948889 2.000000
v 0.750000 8.799038 2.000000
v 1.060660 8.560660 2.000000
v 1.299038 8.250000 2.000000
v 1.448889 7.888229 2.000000
v 1.500000 7.500000 2.000000
v 1.448889 7.111771 2.000000
v 1.299038 6.750000 2.000000
v 1.060660 6.439340 2.000000
v 0.750000 6.200962 2.000000
v 0.388229 6.051111 2.000000
v 0.000000 6.000000 2.000000
v -0.388229 6.051111 2.000000
v -0.750000 6.200962 2.000000
v -1.060660 6.439340 2.000000
v -1.299038 6.750000 2.000000
v -1.448889 7.111771 2.000000
v -1.500000 7.500000 3.140000
v -1.448889 7.111771 3.140000
v -1.299038 6.750000 3.140000
v -1.060660 6.439340 3.140000
v -0.750000 6.200962 3.140000
v -0.388229 6.051111 3.140000
v 0.000000 6.000000 3.140000
v 0.388229 6.051111 3.140000
v 0.750000 6.200962 3.140000
v 1.060660 6.439340 3.140000
v 1.299038 6.750000 3.140000
v 1.448889 7.111771 3.140000
v 1.500000 7.500000 3.140000
v 1.448889 7.888229 3.140000
v 1.299038 8.250000 3.140000
v 1.060660 8.560660 3.140000
v 0.750000 8.799038 3.140000
v 0.388229 8.948889 3.140000
v 0.000000 9.000000 3.140000
v -0.388229 8.948889 3.140000
v -0.750000 8.799038 3.140000
v -1.060660 8.560660 3.140000
v -1.299038 8.250000 3.140000
v -1.448889 7.888229 3.140000
v -2.000000 7.500000 1.520000
v -1.931852 8.017638 1.520000
v -1.732051 8.500000 1.520000
v -1.414214 8.914214 1.520000
v -1.000000 9.232051 1.520000
v -0.517638 9.431852 1.520000
v 0.000000 9.500000 1.520000
v 0.517638 9.431852 1.520000
v 1.000000 9.232051 1.520000
v 1.414214 8.914214 1.520000
v 1.732051 8.500000 1.520000
v 1.931852 8.017638 1.520000
v 2.000000 7.500000 1.520000
v 1.931852 6.982362 1.520000
v 1.732051 6.500000 1.520000
v 1.414214 6.085786 1.520000
v 1.000000 5.767949 1.520000
v 0.517638 5.568148 1.520000
v 0.000000 5.500000 1.520000
v -0.517638 5.568148 1.520000
v -1.000000 5.767949 1.520000
v -1.414214 6.085786 1.520000
v -1.732051 6.500000 1.520000
v -1.931852 6.982362 1.520000
v -2.000000 7.500000 2.000000
v -1.931852 6.982362 2.000000
v -1.732051 6.500000 2.000000
v -1.414214 6.085786 2.000000
v -1.000000 5.767949 2.000000
v -0.517638 5.568148 2.000000
v 0.000000 5.500000 2.000000
v 0.517638 5.568148 2.000000
v 1.000000 5.767949 2.000000
v 1.414214 6.085786 2.000000
v 1.732051 6.500000 2.000000
v 1.931852 6.982362 2.000000
v 2.000000 7.500000 2.000000
v 1.931852 8.017638 2.000000
v 1.732051 8.500000 2.000000
v 1.414214 8.914214 2.000000
v 1.000000 9.232051 2.000000
v 0.517638 9.431852 2.000000
v 0.000000 9.500000 2.000000
v -0.517638 9.431852 2.000000
v -1.000000 9.232051 2.000000
v -1.414214 8.914214 2.000000
v -1.732051 8.500000 2.000000
v -1.931852 8.017638 2.000000
v -11.079545 7.500000 20.000000
v -10.928435 5.676367 20.000000
v -10.479225 3.902477 20.000000
v -9.744169 2.226719 20.000000
v -8.743318 0.694802 20.000000
v -7.503972 -0.651487 20.000000
v -6.059937 -1.775424 20.000000
v -4.450603 -2.646352 20.000000
v -2.719868 -3.240514 20.000000
v -0.914942 -3.541703 20.000000
v 0.914942 -3.541703 20.000000
v 2.719868 -3.240514 20.000000
v 4.450603 -2.646352 20.000000
v 6.059937 -1.775424 20.000000
v 7.503972 -0.651487 20.000000
v 8.743318 0.694802 20.000000
v 9.744169 2.226719 20.000000
v 10.479225 3.902477 20.000000
v 10.928435 5.676367 20.000000
v 11.079545 7.500000 20.000000
v 10.928435 9.323633 20.000000
v 10.479225 11.097523 20.000000
v 9.744169 12.773281 20.000000
v 8.743318 14.305198 20.000000
v 7.503972 15.651487 20.000000
v 6.059937 16.775424 20.000000
v 4.450603 17.646352 20.000000
v 2.719868 18.240514 20.000000
v 0.914942 18.541703 20.000000
v -0.914942 18.541703 20.000000
v -2.719868 18.240514 20.000000
v -4.450603 17.646352 20.000000
v -6.059937 16.775424 20.000000
v -7.503972 15.651487 20.000000
v -8.743318 14.305198 20.000000
v -9.744169 12.773281 20.000000
v -10.479225 11.097523 20.000000
v -10.928435 9.323633 20.000000
v -6.289773 7.500000 11.570000
v -5.930485 5.404626 11.570000
v -4.155494 2.778442 11.570000
v -1.325125 1.351400 11.570000
v 2.831679 1.883699 11.570000
v 5.211137 3.977886 11.570000
v 6.267114 6.966590 11.570000
v 6.267114 8.033410 11.570000
v 5.211137 11.022114 11.570000
v 2.831679 13.116301 11.570000
v -1.325125 13.648600 11.570000
v -4.155494 12.221558 11.570000
v -5.930485 9.595374 11.570000
v -6.199300 8.562977 11.570000
v -5.491060 10.567490 11.570000
v -4.893668 11.451361 11.570000
v -3.297774 12.855925 11.570000
v -2.345183 13.336211 11.570000
v -0.266946 13.784105 11.570000
v 0.798913 13.738828 11.570000
v 1.841789 13.514071 11.570000
v 3.740108 12.556959 11.570000
v 4.540940 11.852138 11.570000
v 5.731420 10.090765 11.570000
v 6.086820 9.084885 11.570000
v 6.086820 5.915115 11.570000
v 5.731420 4.909235 11.570000
v 4.540940 3.147862 11.570000
v 3.740108 2.443041 11.570000
v 1.841789 1.485929 11.570000
v 0.798913 1.261172 11.570000
v -0.266946 1.215895 11.570000
v -2.345183 1.663789 11.570000
v -3.297774 2.144075 11.570000
v -4.893668 3.548639 11.570000
v -5.491060 4.432510 11.570000
v -6.199300 6.437023 11.570000
v 12.500000 7.500000 20.000000
v 12.346104 9.455431 20.000000
v 11.888206 11.362712 20.000000
v 11.137582 13.174881 20.000000
v 10.112712 14.847316 20.000000
v 8.838835 16.338835 20.000000
v 7.347316 17.612712 20.000000
v 5.674881 18.637582 20.000000
v 3.862712 19.388206 20.000000
v 1.955431 19.846104 20.000000
v 0.000000 20.000000 20.000000
v -1.955431 19.846104 20.000000
v -3.862712 19.388206 20.000000
v -5.674881 18.637582 20.000000
v -7.347316 17.612712 20.000000
v -8.838835 16.338835 20.000000
v -10.112712 14.847316 20.000000
v -11.137582 13.174881 20.000000
v -11.888206 11.362712 20.000000
v -12.346104 9.455431 20.000000
v -12.500000 7.500000 20.000000
v -12.346104 5.544569 20.000000
v -11.888206 3.637288 20.000000
v -11.137582 1.825119 20.000000
v -10.112712 0.152684 20.000000
v -8.838835 -1.338835 20.000000
v -7.347316 -2.612712 20.000000
v -5.674881 -3.637582 20.000000
v -3.862712 -4.388206 20.000000
v -1.955431 -4.846104 20.000000
v -0.000000 -5.000000 20.000000
v 1.955431 -4.846104 20.000000
v 3.862712 -4.388206 20.000000
v 5.674881 -3.637582 20.000000
v 7.347316 -2.612712 20.000000
v 8.838835 -1.338835 20.000000
v 10.112712 0.152684 20.000000
v 11.137582 1.825119 20.000000
v 11.888206 3.637288 20.000000
v 12.346104 5.544569 20.000000
v -4.166667 -3.607202 20.000000
v -7.250000 7.500000 10.760000
v -6.895160 5.259627 10.760000
v -3.291431 1.040203 10.760000
v 2.240373 0.604840 10.760000
v 6.459797 4.208569 10.760000
v 6.895160 9.740373 10.760000
v 3.291431 13.959797 10.760000
v -2.240373 14.395160 10.760000
v -6.459797 10.791431 10.760000
v -7.160740 6.365850 10.760000
v -5.865373 3.238557 10.760000
v -6.459797 4.208569 10.760000
v -4.261443 1.634627 10.760000
v -5.126524 2.373476 10.760000
v -1.134150 0.339260 10.760000
v -2.240373 0.604840 10.760000
v 1.134150 0.339260 10.760000
v -0.000000 0.250000 10.760000
v 4.261443 1.634627 10.760000
v 3.291431 1.040203 10.760000
v 5.865373 3.238557 10.760000
v 5.126524 2.373476 10.760000
v 7.160740 6.365850 10.760000
v 6.895160 5.259627 10.760000
v 7.160740 8.634150 10.760000
v 7.250000 7.500000 10.760000
v 5.865373 11.761443 10.760000
v 6.459797 10.791431 10.760000
v 4.261443 13.365373 10.760000
v 5.126524 12.626524 10.760000
v 1.134150 14.660740 10.760000
v 2.240373 14.395160 10.760000
v -1.134150 14.660740 10.760000
v 0.000000 14.750000 10.760000
v -4.261443 13.365373 10.760000
v -3.291431 13.959797 10.760000
v -5.865373 11.761443 10.760000
v -5.126524 12.626524 10.760000
v -7.160740 8.634150 10.760000
v -6.895160 9.740373 10.760000
vt 4.000000 4.319690 0.000000
vt 5.140000 4.319690 0.000000
vt 4.000000 4.712389 0.000000
vt 5.140000 4.712389 0.000000
vt 4.000000 -4.712389 0.000000
vt 5.140000 -4.712389 0.000000
vt 4.000000 -4.319690 0.000000
vt 5.140000 -4.319690 0.000000
vt 4.000000 -3.926991 0.000000
vt 5.140000 -3.926991 0.000000
vt 4.000000 -3.534292 0.000000
vt 5.140000 -3.534292 0.000000
vt 4.000000 -3.141593 0.000000
vt 5.140000 -3.141593 0.000000
vt 4.000000 -2.748894 0.000000
vt 5.140000 -2.748894 0.000000
vt 4.000000 -2.356194 0.000000
vt 5.140000 -2.356194 0.000000
vt 4.000000 -1.963495 0.000000
vt 5.140000 -1.963495 0.000000
vt 4.000000 -1.570796 0.000000
vt 5.140000 -1.570796 0.000000
vt 4.000000 -1.178097 0.000000
vt 5.140000 -1.178097 0.000000
vt 4.000000 -0.785398 0.000000
vt 5.140000 -0.785398 0.000000
vt 4.000000 -0.392699 0.000000
vt 5.140000 -0.392699 0.000000
vt 4.000000 0.000000 0.000000
vt 5.140000 0.000000 0.000000
vt 4.000000 0.392699 0.000000
vt 5.140000 0.392699 0.000000
vt 4.000000 0.785398 0.000000
vt 5.140000 0.785398 0.000000
vt 4.000000 1.178097 0.000000
vt 5.140000 1.178097 0.000000
vt 4.000000 1.570796 0.000000
vt 5.140000 1.570796 0.000000
vt 4.000000 1.963495 0.000000
vt 5.140000 1.963495 0.000000
vt 4.000000 2.356194 0.000000
vt 5.140000 2.356194 0.000000
vt 4.000000 2.748894 0.000000
vt 5.140000 2.748894 0.000000
vt 4.000000 3.141593 0.000000
vt 5.140000 3.141593 0.000000
vt 4.000000 3.534292 0.000000
vt 5.140000 3.534292 0.000000
vt 4.000000 3.926991 0.000000
vt 5.140000 3.926991 0.000000
vt 3.520000 5.759587 0.000000
vt 4.000000 5.759587 0.000000
vt 3.520000 6.283185 0.000000
vt 4.000000 6.283185 0.000000
vt 3.520000 -6.283185 0.000000
vt 4.000000 -6.283185 0.000000
vt 3.520000 -5.759587 0.000000
vt 4.000000 -5.759587 0.000000
vt 3.520000 -5.235988 0.000000
vt 4.000000 -5.235988 0.000000
vt 3.520000 -4.712389 0.000000
vt 4.000000 -4.712389 0.000000
vt 3.520000 -4.188790 0.000000
vt 4.000000 -4.188790 0.000000
vt 3.520000 -3.665191 0.000000
vt 4.000000 -3.665191 0.000000
vt 3.520000 -3.141593 0.000000
vt 4.000000 -3.141593 0.000000
vt 3.520000 -2.617994 0.000000
vt 4.000000 -2.617994 0.000000
vt 3.520000 -2.094395 0.000000
vt 4.000000 -2.094395 0.000000
vt 3.520000 -1.570796 0.000000
vt 4.000000 -1.570796 0.000000
vt 3.520000 -1.047198 0.000000
vt 4.000000 -1.047198 0.000000
vt 3.520000 -0.523599 0.000000
vt 4.000000 -0.523599 0.000000
vt 3.520000 0.000000 0.000000
vt 4.000000 0.000000 0.000000
vt 3.520000 0.523599 0.000000
vt 4.000000 0.523599 0.000000
vt 3.520000 1.047198 0.000000
vt 4.000000 1.047198 0.000000
vt 3.520000 1.570796 0.000000
vt 4.000000 1.570796 0.000000
vt 3.520000 2.094395 0.000000
vt 4.000000 2.094395 0.000000
vt 3.520000 2.617994 0.000000
vt 4.000000 2.617994 0.000000
vt 3.520000 3.141593 0.000000
vt 4.000000 3.141593 0.000000
vt 3.520000 3.665191 0.000000
vt 4.000000 3.665191 0.000000
vt 3.520000 4.188790 0.000000
vt 4.000000 4.188790 0.000000
vt 3.520000 4.712389 0.000000
vt 4.000000 4.712389 0.000000
vt 3.520000 5.235988 0.000000
vt 4.000000 5.235988 0.000000
vt 1.448889 -0.388229 0.000000
vt 1.931852 -0.517638 0.000000
vt 1.500000 0.000000 0.000000
vt 2.000000 0.000000 0.000000
vt 1.448889 0.388229 0.000000
vt 1.931852 0.517638 0.000000
vt 1.299038 0.750000 0.000000
vt 1.732051 1.000000 0.000000
vt 1.060660 1.060660 0.000000
vt 1.414214 1.414214 0.000000
vt 0.750000 1.299038 0.000000
vt 1.000000 1.732051 0.000000
vt 0.388229 1.448889 0.000000
vt 0.517638 1.931852 0.000000
vt -0.000000 1.500000 0.000000
vt -0.000000 2.000000 0.000000
vt -0.517638 1.931852 0.000000
vt 1.299038 -0.750000 0.000000
vt 1.732051 -1.000000 0.000000
vt 1.060660 -1.060660 0.000000
vt 1.414214 -1.414214 0.000000
vt 0.750000 -1.299038 0.000000
vt 1.000000 -1.732051 0.000000
vt 0.388229 -1.448889 0.000000
vt 0.517638 -1.931852 0.000000
vt -0.000000 -1.500000 0.000000
vt -0.000000 -2.000000 0.000000
vt -0.517638 -1.931852 0.000000
vt -0.388229 -1.448889 0.000000
vt -1.000000 -1.732051 0.000000
vt -0.750000 -1.299038 0.000000
vt -1.414214 -1.414214 0.000000
vt -1.060660 -1.060660 0.000000
vt -1.732051 -1.000000 0.000000
vt -1.299038 -0.750000 0.000000
vt -1.931852 -0.517638 0.000000
vt -1.448889 -0.388229 0.000000
vt -2.000000 0.000000 0.000000
vt -1.500000 0.000000 0.000000
vt -1.448889 0.388229 0.000000
vt -1.931852 0.517638 0.000000
vt -1.299038 0.750000 0.000000
vt -1.732051 1.000000 0.000000
vt -1.060660 1.060660 0.000000
vt -1.414214 1.414214 0.000000
vt -0.750000 1.299038 0.000000
vt -1.000000 1.732051 0.000000
vt -0.388229 1.448889 0.000000
vt -8.350043 18.113245 0.000000
vt 1.345668 18.691801 0.000000
vt -8.350043 19.759904 0.000000
vt 1.345668 19.759904 0.000000
vt -8.350043 -19.759904 0.000000
vt 1.345668 -19.759904 0.000000
vt 1.345668 -18.691801 0.000000
vt 11.041380 -18.719909 0.000000
vt 11.041380 -17.679914 0.000000
vt 1.345668 17.623698 0.000000
vt -8.350043 16.466586 0.000000
vt 1.345668 16.555595 0.000000
vt 1.345668 15.487492 0.000000
vt 11.041380 15.599924 0.000000
vt 11.041380 14.559929 0.000000
vt 1.345668 14.419389 0.000000
vt 11.041380 13.519934 0.000000
vt 1.345668 13.351286 0.000000
vt 11.041380 12.479939 0.000000
vt 1.345668 12.283183 0.000000
vt 11.041380 11.439944 0.000000
vt 1.345668 11.215081 0.000000
vt 11.041380 10.399949 0.000000
vt 1.345668 10.146978 0.000000
vt 11.041380 9.359954 0.000000
vt 1.345668 9.078875 0.000000
vt 11.041380 8.319959 0.000000
vt 1.345668 8.010772 0.000000
vt 11.041380 7.279965 0.000000
vt 1.345668 6.942669 0.000000
vt 11.041380 6.239970 0.000000
vt 1.345668 5.874566 0.000000
vt 11.041380 5.199975 0.000000
vt 1.345668 4.806463 0.000000
vt 11.041380 4.159980 0.000000
vt 1.345668 3.738360 0.000000
vt 11.041380 3.119985 0.000000
vt 1.345668 2.670257 0.000000
vt 11.041380 2.079990 0.000000
vt 1.345668 1.602154 0.000000
vt 11.041380 1.039995 0.000000
vt 1.345668 0.534051 0.000000
vt 11.041380 0.000000 0.000000
vt 1.345668 -0.534051 0.000000
vt 11.041380 -1.039995 0.000000
vt 1.345668 -1.602154 0.000000
vt 11.041380 -2.079990 0.000000
vt 1.345668 -2.670257 0.000000
vt 11.041380 -3.119985 0.000000
vt 1.345668 -3.738360 0.000000
vt 11.041380 -4.159980 0.000000
vt 1.345668 -4.806463 0.000000
vt 11.041380 -5.199975 0.000000
vt 1.345668 -5.874566 0.000000
vt 11.041380 -6.239970 0.000000
vt 1.345668 -6.942669 0.000000
vt 11.041380 -7.279965 0.000000
vt 1.345668 -8.010772 0.000000
vt 11.041380 -8.319959 0.000000
vt 1.345668 -9.078875 0.000000
vt 11.041380 -9.359954 0.000000
vt 1.345668 -10.146978 0.000000
vt 11.041380 -10.399949 0.000000
vt 1.345668 -11.215081 0.000000
vt 11.041380 -11.439944 0.000000
vt 1.345668 -12.283183 0.000000
vt 11.041380 -12.479939 0.000000
vt 1.345668 -13.351286 0.000000
vt 11.041380 -13.519934 0.000000
vt 1.345668 -14.419389 0.000000
vt 11.041380 -14.559929 0.000000
vt 1.345668 -15.487492 0.000000
vt 11.041380 -15.599924 0.000000
vt 1.345668 -16.555595 0.000000
vt 11.041380 -16.639919 0.000000
vt 1.345668 -17.623698 0.000000
vt -8.350043 14.819928 0.000000
vt -8.350043 13.173269 0.000000
vt -8.350043 11.526611 0.000000
vt -8.350043 9.879952 0.000000
vt -8.350043 8.233293 0.000000
vt -8.350043 6.586635 0.000000
vt -8.350043 4.939976 0.000000
vt -8.350043 3.293317 0.000000
vt -8.350043 1.646659 0.000000
vt -8.350043 0.000000 0.000000
vt -8.350043 -1.646659 0.000000
vt -8.350043 -3.293317 0.000000
vt -8.350043 -4.939976 0.000000
vt -8.350043 -6.586635 0.000000
vt -8.350043 -8.233293 0.000000
vt -8.350043 -9.879952 0.000000
vt -8.350043 -11.526611 0.000000
vt -8.350043 -13.173269 0.000000
vt -8.350043 -14.819928 0.000000
vt -8.350043 -16.466586 0.000000
vt -8.350043 -18.113245 0.000000
vt 11.041380 18.719909 0.000000
vt 11.041380 19.759904 0.000000
vt 11.041380 -19.759904 0.000000
vt 11.041380 16.639919 0.000000
vt 11.041380 17.679914 0.000000
vt -10.928435 1.823633 0.000000
vt -12.346104 1.955431 0.000000
vt -11.079545 0.000000 0.000000
vt -12.500000 0.000000 0.000000
vt -12.346104 -1.955431 0.000000
vt -11.888206 3.862712 0.000000
vt -10.479225 3.597523 0.000000
vt -11.137582 5.674881 0.000000
vt -9.744169 5.273281 0.000000
vt -10.112712 7.347316 0.000000
vt -8.743318 6.805198 0.000000
vt -8.838835 8.838835 0.000000
vt -7.503972 8.151487 0.000000
vt -7.347316 10.112712 0.000000
vt -6.059937 9.275424 0.000000
vt -5.674881 11.137582 0.000000
vt -4.450603 10.146352 0.000000
vt -3.862712 11.888206 0.000000
vt -2.719868 10.740514 0.000000
vt -1.955431 12.346104 0.000000
vt -0.914942 11.041703 0.000000
vt 0.000000 12.500000 0.000000
vt 0.914942 11.041703 0.000000
vt 1.955431 12.346104 0.000000
vt 2.719868 10.740514 0.000000
vt 3.862712 11.888206 0.000000
vt 4.450603 10.146352 0.000000
vt 5.674881 11.137582 0.000000
vt 6.059937 9.275424 0.000000
vt 7.347316 10.112712 0.000000
vt 7.503972 8.151487 0.000000
vt 8.838835 8.838835 0.000000
vt 8.743318 6.805198 0.000000
vt 10.112712 7.347316 0.000000
vt 9.744169 5.273281 0.000000
vt 11.137582 5.674881 0.000000
vt 10.479225 3.597523 0.000000
vt 11.888206 3.862712 0.000000
vt 10.928435 1.823633 0.000000
vt 12.346104 1.955431 0.000000
vt 11.079545 0.000000 0.000000
vt 12.500000 0.000000 0.000000
vt 12.346104 -1.955431 0.000000
vt 10.928435 -1.823633 0.000000
vt 11.888206 -3.862712 0.000000
vt 10.479225 -3.597523 0.000000
vt 11.137582 -5.674881 0.000000
vt 9.744169 -5.273281 0.000000
vt 10.112712 -7.347316 0.000000
vt 8.743318 -6.805198 0.000000
vt 8.838835 -8.838835 0.000000
vt 7.503972 -8.151487 0.000000
vt 7.347316 -10.112712 0.000000
vt 6.059937 -9.275424 0.000000
vt 5.674881 -11.137582 0.000000
vt 4.450603 -10.146352 0.000000
vt 3.862712 -11.888206 0.000000
vt 2.719868 -10.740514 0.000000
vt 1.955431 -12.346104 0.000000
vt 0.914942 -11.041703 0.000000
vt -0.000000 -12.500000 0.000000
vt -0.914942 -11.041703 0.000000
vt -1.955431 -12.346104 0.000000
vt -2.719868 -10.740514 0.000000
vt -3.862712 -11.888206 0.000000
vt -4.166667 -11.107202 0.000000
vt -5.674881 -11.137582 0.000000
vt -4.450603 -10.146352 0.000000
vt -6.059937 -9.275424 0.000000
vt -7.347316 -10.112712 0.000000
vt -7.503972 -8.151487 0.000000
vt -8.838835 -8.838835 0.000000
vt -8.743318 -6.805198 0.000000
vt -10.112712 -7.347316 0.000000
vt -9.744169 -5.273281 0.000000
vt -11.137582 -5.674881 0.000000
vt -10.479225 -3.597523 0.000000
vt -11.888206 -3.862712 0.000000
vt -10.928435 -1.823633 0.000000
vt 8.603075 -20.878501 0.000000
vt -2.024253 -21.637719 0.000000
vt 8.603075 -22.776547 0.000000
vt -2.024253 -22.776547 0.000000
vt 8.603075 22.776547 0.000000
vt -2.024253 22.776547 0.000000
vt -2.024253 21.637719 0.000000
vt -12.651581 22.776547 0.000000
vt -12.651581 21.637719 0.000000
vt -2.024253 -20.498892 0.000000
vt 8.603075 -18.980456 0.000000
vt -2.024253 -19.360065 0.000000
vt -2.024253 -18.221237 0.000000
vt -12.651581 -18.221237 0.000000
vt -12.651581 -17.082410 0.000000
vt -2.024253 -17.082410 0.000000
vt -12.651581 -15.943583 0.000000
vt -2.024253 -15.943583 0.000000
vt -12.651581 -14.804755 0.000000
vt -2.024253 -14.804755 0.000000
vt -12.651581 -13.665928 0.000000
vt -2.024253 -13.665928 0.000000
vt -12.651581 -12.527101 0.000000
vt -2.024253 -12.527101 0.000000
vt -12.651581 -11.388273 0.000000
vt -2.024253 -11.388273 0.000000
vt -12.651581 -10.249446 0.000000
vt -2.024253 -10.249446 0.000000
vt -12.651581 -9.110619 0.000000
vt -2.024253 -9.110619 0.000000
vt -12.651581 -7.971791 0.000000
vt -2.024253 -7.971791 0.000000
vt -12.651581 -6.832964 0.000000
vt -2.024253 -6.832964 0.000000
vt -12.651581 -5.694137 0.000000
vt -2.024253 -5.694137 0.000000
vt -12.651581 -4.555309 0.000000
vt -2.024253 -4.555309 0.000000
vt -12.651581 -3.416482 0.000000
vt -2.024253 -3.416482 0.000000
vt -12.651581 -2.277655 0.000000
vt -2.024253 -2.277655 0.000000
vt -12.651581 -1.138827 0.000000
vt -2.024253 -1.138827 0.000000
vt -12.651581 0.000000 0.000000
vt -2.024253 0.000000 0.000000
vt -12.651581 1.138827 0.000000
vt -2.024253 1.138827 0.000000
vt -12.651581 2.277655 0.000000
vt -2.024253 2.277655 0.000000
vt -12.651581 3.416482 0.000000
vt -2.024253 3.416482 0.000000
vt -12.651581 4.555309 0.000000
vt -2.024253 4.555309 0.000000
vt -12.651581 5.694137 0.000000
vt -2.024253 5.694137 0.000000
vt -12.651581 6.832964 0.000000
vt -2.024253 6.832964 0.000000
vt -12.651581 7.971791 0.000000
vt -2.024253 7.971791 0.000000
vt -12.651581 9.110619 0.000000
vt -2.024253 9.110619 0.000000
vt -12.651581 10.249446 0.000000
vt -2.024253 10.249446 0.000000
vt -12.651581 11.388273 0.000000
vt -2.024253 11.388273 0.000000
vt -12.651581 12.527101 0.000000
vt -2.024253 12.527101 0.000000
vt -12.651581 13.665928 0.000000
vt -2.024253 13.665928 0.000000
vt -12.651581 14.804755 0.000000
vt -2.024253 14.804755 0.000000
vt -12.651581 15.943583 0.000000
vt -2.024253 15.943583 0.000000
vt -12.651581 17.082410 0.000000
vt -2.024253 17.082410 0.000000
vt -12.651581 18.221237 0.000000
vt -2.024253 18.221237 0.000000
vt -12.651581 19.360065 0.000000
vt -2.024253 19.360065 0.000000
vt -12.651581 20.498892 0.000000
vt -2.024253 20.498892 0.000000
vt 8.603075 -17.082410 0.000000
vt 8.603075 -15.184364 0.000000
vt 8.603075 -13.286319 0.000000
vt 8.603075 -11.388273 0.000000
vt 8.603075 -9.490228 0.000000
vt 8.603075 -7.592182 0.000000
vt 8.603075 -5.694137 0.000000
vt 8.603075 -3.796091 0.000000
vt 8.603075 -1.898046 0.000000
vt 8.603075 0.000000 0.000000
vt 8.603075 1.898046 0.000000
vt 8.603075 3.796091 0.000000
vt 8.603075 5.694137 0.000000
vt 8.603075 7.592182 0.000000
vt 8.603075 9.490228 0.000000
vt 8.603075 11.388273 0.000000
vt 8.603075 13.286319 0.000000
vt 8.603075 15.184364 0.000000
vt 8.603075 17.082410 0.000000
vt 8.603075 18.980456 0.000000
vt 8.603075 20.878501 0.000000
vt -12.651581 -19.360065 0.000000
vt -12.651581 -20.498892 0.000000
vt -12.651581 -21.637719 0.000000
vt -12.651581 -22.776547 0.000000
vn 0.965926 -0.258819 0.000000
vn 0.965926 -0.258819 0.000000
vn 1.000000 -0.000000 0.000000
vn 1.000000 -0.000000 0.000000
vn 0.965926 0.258819 -0.000000
vn 0.965926 0.258819 -0.000000
vn 0.866025 0.500000 -0.000000
vn 0.866025 0.500000 -0.000000
vn 0.707107 0.707107 -0.000000
vn 0.707107 0.707107 -0.000000
vn 0.500000 0.866025 -0.000000
vn 0.500000 0.866025 -0.000000
vn 0.258819 0.965926 -0.000000
vn 0.258819 0.965926 -0.000000
vn -0.000000 1.000000 0.000000
vn -0.000000 1.000000 0.000000
vn -0.258819 0.965926 0.000000
vn -0.258819 0.965926 0.000000
vn -0.500000 0.866025 0.000000
vn -0.500000 0.866025 0.000000
vn -0.707107 0.707107 0.000000
vn -0.707107 0.707107 0.000000
vn -0.866025 0.500000 0.000000
vn -0.866025 0.500000 0.000000
vn -0.965926 0.258819 0.000000
vn -0.965926 0.258819 0.000000
vn -1.000000 0.000000 0.000000
vn -1.000000 0.000000 0.000000
vn -0.965926 -0.258819 0.000000
vn -0.965926 -0.258819 0.000000
vn -0.866025 -0.500000 0.000000
vn -0.866025 -0.500000 0.000000
vn -0.707107 -0.707107 0.000000
vn -0.707107 -0.707107 0.000000
vn -0.500000 -0.866025 0.000000
vn -0.500000 -0.866025 0.000000
vn -0.258819 -0.965926 0.000000
vn -0.258819 -0.965926 0.000000
vn -0.000000 -1.000000 0.000000
vn -0.000000 -1.000000 0.000000
vn 0.258819 -0.965926 0.000000
vn 0.258819 -0.965926 0.000000
vn 0.500000 -0.866025 0.000000
vn 0.500000 -0.866025 0.000000
vn 0.707107 -0.707107 0.000000
vn 0.707107 -0.707107 0.000000
vn 0.866025 -0.500000 0.000000
vn 0.866025 -0.500000 0.000000
vn 0.965926 -0.258819 0.000000
vn 0.965926 -0.258819 0.000000
vn 1.000000 -0.000000 0.000000
vn 1.000000 -0.000000 0.000000
vn 0.965926 0.258819 -0.000000
vn 0.965926 0.258819 -0.000000
vn 0.866025 0.500000 -0.000000
vn 0.866025 0.500000 -0.000000
vn 0.707107 0.707107 -0.000000
vn 0.707107 0.707107 -0.000000
vn 0.500000 0.866025 -0.000000
vn 0.500000 0.866025 -0.000000
vn 0.258819 0.965926 -0.000000
vn 0.258819 0.965926 -0.000000
vn -0.000000 1.000000 0.000000
vn -0.000000 1.000000 0.000000
vn -0.258819 0.965926 0.000000
vn -0.258819 0.965926 0.000000
vn -0.500000 0.866025 0.000000
vn -0.500000 0.866025 0.000000
vn -0.707107 0.707107 0.000000
vn -0.707107 0.707107 0.000000
vn -0.866025 0.500000 0.000000
vn -0.866025 0.500000 0.000000
vn -0.965926 0.258819 0.000000
vn -0.965926 0.258819 0.000000
vn -1.000000 0.000000 0.000000
vn -1.000000 0.000000 0.000000
vn -0.965926 -0.258819 0.000000
vn -0.965926 -0.258819 0.000000
vn -0.866025 -0.500000 0.000000
vn -0.866025 -0.500000 0.000000
vn -0.707107 -0.707107 0.000000
vn -0.707107 -0.707107 0.000000
vn -0.500000 -0.866025 0.000000
vn -0.500000 -0.866025 0.000000
vn -0.258819 -0.965926 0.000000
vn -0.258819 -0.965926 0.000000
vn -0.000000 -1.000000 0.000000
vn -0.000000 -1.000000 0.000000
vn 0.258819 -0.965926 0.000000
vn 0.258819 -0.965926 0.000000
vn 0.500000 -0.866025 0.000000
vn 0.500000 -0.866025 0.000000
vn 0.707107 -0.707107 0.000000
vn 0.707107 -0.707107 0.000000
vn 0.866025 -0.500000 0.000000
vn 0.866025 -0.500000 0.000000
vn -0.000000 -0.000000 -1.000000
vn -0.000000 -0.000000 -1.000000
vn -0.000000 -0.000000 -1.000000
vn -0.000000 -0.000000 -1.000000
vn -0.000000 -0.000000 -1.000000
vn -0.000000 -0.000000 -1.000000
vn -0.000000 -0.000000 -1.000000
vn -0.000000 -0.000000 -1.000000
vn -0.000000 -0.000000 -1.000000
vn -0.000000 -0.000000 -1.000000
vn -0.000000 -0.000000 -1.000000
vn -0.000000 -0.000000 -1.000000
vn -0.000000 -0.000000 -1.000000
vn -0.000000 -0.000000 -1.000000
vn -0.000000 -0.000000 -1.000000
vn -0.000000 -0.000000 -1.000000
vn -0.000000 -0.000000 -1.000000
vn -0.000000 -0.000000 -1.000000
vn -0.000000 -0.000000 -1.000000
vn -0.000000 -0.000000 -1.000000
vn -0.000000 -0.000000 -1.000000
vn -0.000000 -0.000000 -1.000000
vn -0.000000 -0.000000 -1.000000
vn -0.000000 -0.000000 -1.000000
vn -0.000000 -0.000000 -1.000000
vn -0.000000 -0.000000 -1.000000
vn -0.000000 -0.000000 -1.000000
vn -0.000000 -0.000000 -1.000000
vn -0.000000 -0.000000 -1.000000
vn -0.000000 -0.000000 -1.000000
vn -0.000000 -0.000000 -1.000000
vn -0.000000 -0.000000 -1.000000
vn -0.000000 -0.000000 -1.000000
vn -0.000000 -0.000000 -1.000000
vn -0.000000 -0.000000 -1.000000
vn -0.000000 -0.000000 -1.000000
vn -0.000000 -0.000000 -1.000000
vn -0.000000 -0.000000 -1.000000
vn -0.000000 -0.000000 -1.000000
vn -0.000000 -0.000000 -1.000000
vn -0.000000 -0.000000 -1.000000
vn -0.000000 -0.000000 -1.000000
vn -0.000000 -0.000000 -1.000000
vn -0.000000 -0.000000 -1.000000
vn -0.000000 -0.000000 -1.000000
vn -0.000000 -0.000000 -1.000000
vn -0.000000 -0.000000 -1.000000
vn -0.000000 -0.000000 -1.000000
vn 0.839831 -0.225032 0.494009
vn 0.856950 -0.146939 0.494009
vn 0.869457 -0.000000 0.494009
vn 0.869457 -0.000000 0.494009
vn 0.856950 0.146939 0.494009
vn 0.857598 0.143108 0.494009
vn 0.822347 0.282312 0.494009
vn 0.819791 -0.289651 0.494009
vn 0.752971 -0.434728 0.494009
vn 0.759048 -0.424030 0.494009
vn 0.676468 -0.546210 0.494009
vn 0.686123 -0.534031 0.494009
vn 0.588867 -0.639680 0.494009
vn 0.574428 -0.652677 0.494009
vn 0.475548 -0.727880 0.494009
vn 0.455862 -0.740368 0.494009
vn 0.349257 -0.796225 0.494009
vn 0.324183 -0.806759 0.494009
vn 0.213439 -0.842851 0.494009
vn 0.183176 -0.849942 0.494009
vn 0.071799 -0.866487 0.494009
vn 0.036901 -0.868673 0.494009
vn -0.071799 -0.866487 0.494009
vn -0.110436 -0.862414 0.494009
vn -0.213439 -0.842851 0.494009
vn -0.254597 -0.831345 0.494009
vn -0.349257 -0.796225 0.494009
vn -0.391433 -0.776360 0.494009
vn -0.475548 -0.727880 0.494009
vn -0.517008 -0.699041 0.494009
vn -0.588867 -0.639680 0.494009
vn -0.627709 -0.601611 0.494009
vn -0.686123 -0.534031 0.494009
vn -0.720353 -0.486874 0.494009
vn -0.764664 -0.413816 0.494009
vn -0.792274 -0.358130 0.494009
vn -0.822347 -0.282312 0.494009
vn -0.841402 -0.219084 0.494009
vn -0.857598 -0.143108 0.494009
vn -0.866324 -0.073735 0.494009
vn -0.869457 0.000000 0.494009
vn -0.866324 0.073735 0.494009
vn -0.857598 0.143108 0.494009
vn -0.841402 0.219084 0.494009
vn -0.822347 0.282312 0.494009
vn -0.792274 0.358130 0.494009
vn -0.764664 0.413816 0.494009
vn -0.720353 0.486874 0.494009
vn -0.686123 0.534031 0.494009
vn -0.627709 0.601611 0.494009
vn -0.588867 0.639680 0.494009
vn -0.517008 0.699041 0.494009
vn -0.475548 0.727880 0.494009
vn -0.391433 0.776360 0.494009
vn -0.349257 0.796225 0.494009
vn -0.254597 0.831345 0.494009
vn -0.213439 0.842851 0.494009
vn -0.110436 0.862414 0.494009
vn -0.071799 0.866487 0.494009
vn 0.036901 0.868673 0.494009
vn 0.071799 0.866487 0.494009
vn 0.183176 0.849942 0.494009
vn 0.213439 0.842851 0.494009
vn 0.324183 0.806759 0.494009
vn 0.349257 0.796225 0.494009
vn 0.455862 0.740368 0.494009
vn 0.475548 0.727880 0.494009
vn 0.574428 0.652677 0.494009
vn 0.588867 0.639680 0.494009
vn 0.676468 0.546210 0.494009
vn 0.686123 0.534031 0.494009
vn 0.759048 0.424030 0.494009
vn 0.764664 0.413816 0.494009
vn 0.819791 0.289651 0.494009
vn 0.614799 -0.614799 0.494009
vn 0.434728 -0.752971 0.494009
vn 0.225032 -0.839831 0.494009
vn -0.000000 -0.869457 0.494009
vn -0.225032 -0.839831 0.494009
vn -0.434728 -0.752971 0.494009
vn -0.614799 -0.614799 0.494009
vn -0.752971 -0.434728 0.494009
vn -0.839831 -0.225032 0.494009
vn -0.869457 0.000000 0.494009
vn -0.839831 0.225032 0.494009
vn -0.752971 0.434728 0.494009
vn -0.614799 0.614799 0.494009
vn -0.434728 0.752971 0.494009
vn -0.225032 0.839831 0.494009
vn -0.000000 0.869457 0.494009
vn 0.225032 0.839831 0.494009
vn 0.434728 0.752971 0.494009
vn 0.614799 0.614799 0.494009
vn 0.752971 0.434728 0.494009
vn 0.839831 0.225032 0.494009
vn 0.857598 -0.143108 0.494009
vn 0.869457 -0.000000 0.494009
vn 0.764664 -0.413816 0.494009
vn 0.822347 -0.282312 0.494009
vn 0.000000 0.000000 1.000000
vn 0.000000 0.000000 1.000000
vn 0.000000 0.000000 1.000000
vn 0.000000 0.000000 1.000000
vn 0.000000 0.000000 1.000000
vn 0.000000 0.000000 1.000000
vn 0.000000 0.000000 1.000000
vn 0.000000 0.000000 1.000000
vn 0.000000 0.000000 1.000000
vn 0.000000 0.000000 1.000000
vn 0.000000 0.000000 1.000000
vn 0.000000 0.000000 1.000000
vn 0.000000 0.000000 1.000000
vn 0.000000 0.000000 1.000000
vn 0.000000 0.000000 1.000000
vn 0.000000 0.000000 1.000000
vn 0.000000 0.000000 1.000000
vn 0.000000 0.000000 1.000000
vn 0.000000 0.000000 1.000000
vn 0.000000 0.000000 1.000000
vn 0.000000 0.000000 1.000000
vn 0.000000 0.000000 1.000000
vn 0.000000 0.000000 1.000000
vn 0.000000 0.000000 1.000000
vn 0.000000 0.000000 1.000000
vn 0.000000 0.000000 1.000000
vn 0.000000 0.000000 1.000000
vn 0.000000 0.000000 1.000000
vn 0.000000 0.000000 1.000000
vn 0.000000 0.000000 1.000000
vn 0.000000 0.000000 1.000000
vn 0.000000 0.000000 1.000000
vn 0.000000 0.000000 1.000000
vn 0.000000 0.000000 1.000000
vn 0.000000 0.000000 1.000000
vn 0.000000 0.000000 1.000000
vn 0.000000 0.000000 1.000000
vn 0.000000 0.000000 1.000000
vn 0.000000 0.000000 1.000000
vn 0.000000 0.000000 1.000000
vn 0.000000 0.000000 1.000000
vn 0.000000 0.000000 1.000000
vn 0.000000 0.000000 1.000000
vn 0.000000 0.000000 1.000000
vn 0.000000 0.000000 1.000000
vn 0.000000 0.000000 1.000000
vn 0.000000 0.000000 1.000000
vn 0.000000 0.000000 1.000000
vn 0.000000 0.000000 1.000000
vn 0.000000 0.000000 1.000000
vn 0.000000 0.000000 1.000000
vn 0.000000 0.000000 1.000000
vn 0.000000 0.000000 1.000000
vn 0.000000 0.000000 1.000000
vn 0.000000 0.000000 1.000000
vn 0.000000 0.000000 1.000000
vn 0.000000 0.000000 1.000000
vn 0.000000 0.000000 1.000000
vn 0.000000 0.000000 1.000000
vn 0.000000 0.000000 1.000000
vn 0.000000 0.000000 1.000000
vn 0.000000 0.000000 1.000000
vn 0.000000 0.000000 1.000000
vn 0.000000 0.000000 1.000000
vn 0.000000 0.000000 1.000000
vn 0.000000 0.000000 1.000000
vn 0.000000 0.000000 1.000000
vn 0.000000 0.000000 1.000000
vn 0.000000 0.000000 1.000000
vn 0.000000 0.000000 1.000000
vn 0.000000 0.000000 1.000000
vn 0.000000 0.000000 1.000000
vn 0.000000 0.000000 1.000000
vn 0.000000 0.000000 1.000000
vn 0.000000 0.000000 1.000000
vn 0.000000 0.000000 1.000000
vn 0.000000 0.000000 1.000000
vn 0.000000 0.000000 1.000000
vn 0.000000 0.000000 1.000000
vn -0.839831 -0.225032 -0.494009
vn -0.858752 -0.136013 -0.494009
vn -0.869457 -0.000000 -0.494009
vn -0.869457 -0.000000 -0.494009
vn -0.858752 0.136013 -0.494009
vn -0.869457 0.000000 -0.494009
vn -0.858752 0.136013 -0.494009
vn -0.826902 -0.268677 -0.494009
vn -0.752971 -0.434728 -0.494009
vn -0.774691 -0.394725 -0.494009
vn -0.703405 -0.511054 -0.494009
vn -0.703405 -0.511054 -0.494009
vn -0.614799 -0.614799 -0.494009
vn -0.614799 -0.614799 -0.494009
vn -0.511054 -0.703405 -0.494009
vn -0.511054 -0.703405 -0.494009
vn -0.394725 -0.774691 -0.494009
vn -0.394725 -0.774691 -0.494009
vn -0.268677 -0.826902 -0.494009
vn -0.268677 -0.826902 -0.494009
vn -0.136013 -0.858752 -0.494009
vn -0.136013 -0.858752 -0.494009
vn -0.000000 -0.869457 -0.494009
vn -0.000000 -0.869457 -0.494009
vn 0.136013 -0.858752 -0.494009
vn 0.136013 -0.858752 -0.494009
vn 0.268677 -0.826902 -0.494009
vn 0.268677 -0.826902 -0.494009
vn 0.394725 -0.774691 -0.494009
vn 0.394725 -0.774691 -0.494009
vn 0.511054 -0.703405 -0.494009
vn 0.511054 -0.703405 -0.494009
vn 0.614799 -0.614799 -0.494009
vn 0.614799 -0.614799 -0.494009
vn 0.703405 -0.511054 -0.494009
vn 0.703405 -0.511054 -0.494009
vn 0.774691 -0.394725 -0.494009
vn 0.774691 -0.394725 -0.494009
vn 0.826902 -0.268677 -0.494009
vn 0.826902 -0.268677 -0.494009
vn 0.858752 -0.136013 -0.494009
vn 0.858752 -0.136013 -0.494009
vn 0.869457 -0.000000 -0.494009
vn 0.869457 -0.000000 -0.494009
vn 0.858752 0.136013 -0.494009
vn 0.858752 0.136013 -0.494009
vn 0.826902 0.268677 -0.494009
vn 0.826902 0.268677 -0.494009
vn 0.774691 0.394725 -0.494009
vn 0.774691 0.394725 -0.494009
vn 0.703405 0.511054 -0.494009
vn 0.703405 0.511054 -0.494009
vn 0.614799 0.614799 -0.494009
vn 0.614799 0.614799 -0.494009
vn 0.511054 0.703405 -0.494009
vn 0.511054 0.703405 -0.494009
vn 0.394725 0.774691 -0.494009
vn 0.394725 0.774691 -0.494009
vn 0.268677 0.826902 -0.494009
vn 0.268677 0.826902 -0.494009
vn 0.136013 0.858752 -0.494009
vn 0.136013 0.858752 -0.494009
vn 0.000000 0.869457 -0.494009
vn 0.000000 0.869457 -0.494009
vn -0.136013 0.858752 -0.494009
vn -0.136013 0.858752 -0.494009
vn -0.268677 0.826902 -0.494009
vn -0.268677 0.826902 -0.494009
vn -0.394725 0.774691 -0.494009
vn -0.394725 0.774691 -0.494009
vn -0.511054 0.703405 -0.494009
vn -0.511054 0.703405 -0.494009
vn -0.614799 0.614799 -0.494009
vn -0.614799 0.614799 -0.494009
vn -0.703405 0.511054 -0.494009
vn -0.703405 0.511054 -0.494009
vn -0.774691 0.394725 -0.494009
vn -0.774691 0.394725 -0.494009
vn -0.826902 0.268677 -0.494009
vn -0.826902 0.268677 -0.494009
vn -0.614799 -0.614799 -0.494009
vn -0.434728 -0.752971 -0.494009
vn -0.225032 -0.839831 -0.494009
vn 0.000000 -0.869457 -0.494009
vn 0.225032 -0.839831 -0.494009
vn 0.434728 -0.752971 -0.494009
vn 0.614799 -0.614799 -0.494009
vn 0.752971 -0.434728 -0.494009
vn 0.839831 -0.225032 -0.494009
vn 0.869457 -0.000000 -0.494009
vn 0.839831 0.225032 -0.494009
vn 0.752971 0.434728 -0.494009
vn 0.614799 0.614799 -0.494009
vn 0.434728 0.752971 -0.494009
vn 0.225032 0.839831 -0.494009
vn 0.000000 0.869457 -0.494009
vn -0.225032 0.839831 -0.494009
vn -0.434728 0.752971 -0.494009
vn -0.614799 0.614799 -0.494009
vn -0.752971 0.434728 -0.494009
vn -0.839831 0.225032 -0.494009
vn -0.774691 -0.394725 -0.494009
vn -0.826902 -0.268677 -0.494009
vn -0.858752 -0.136013 -0.494009
f 287/538/488 333/539/489 286/540/490
f 286/540/490 333/539/489 310/541/491
f 286/542/490 310/543/491 309/544/492
f 309/544/492 310/543/491 311/545/493
f 309/544/492 311/545/493 308/546/494
f 308/546/494 311/545/493 312/547/495
f 308/546/494 312/547/495 307/548/496
f 307/548/496 312/547/495 313/549/497
f 307/548/496 313/549/497 306/550/498
f 306/550/498 313/549/497 314/551/499
f 306/550/498 314/551/499 305/552/500
f 305/552/500 314/551/499 315/553/501
f 305/552/500 315/553/501 304/554/502
f 304/554/502 315/553/501 316/555/503
f 304/554/502 316/555/503 303/556/504
f 303/556/504 316/555/503 317/557/505
f 303/556/504 317/557/505 302/558/506
f 302/558/506 317/557/505 318/559/507
f 302/558/506 318/559/507 301/560/508
f 301/560/508 318/559/507 319/561/509
f 301/560/508 319/561/509 300/562/510
f 300/562/510 319/561/509 320/563/511
f 300/562/510 320/563/511 299/564/512
f 299/564/512 320/563/511 321/565/513
f 299/564/512 321/565/513 298/566/514
f 298/566/514 321/565/513 322/567/515
f 298/566/514 322/567/515 297/568/516
f 297/568/516 322/567/515 323/569/517
f 297/568/516 323/569/517 296/570/518
f 296/570/518 323/569/517 324/571/519
f 296/570/518 324/571/519 295/572/520
f 295/572/520 324/571/519 325/573/521
f 295/572/520 325/573/521 294/574/522
f 294/574/522 325/573/521 326/575/523
f 294/574/522 326/575/523 293/576/524
f 293/576/524 326/575/523 327/577/525
f 293/576/524 327/577/525 292/578/526
f 292/578/526 327/577/525 328/579/527
f 292/578/526 328/579/527 291/580/528
f 291/580/528 328/579/527 329/581/529
f 291/580/528 329/581/529 290/582/530
f 290/582/530 329/581/529 330/583/531
f 290/582/530 330/583/531 289/584/532
f 289/584/532 330/583/531 331/585/533
f 289/584/532 331/585/533 288/586/534
f 288/586/534 331/585/533 332/587/535
f 288/586/534 332/587/535 287/538/488
f 287/538/488 332/587/535 333/539/489
f 335/588/536 381/589/537 334/590/538
f 334/590/538 381/589/537 358/591/539
f 334/592/538 358/593/539 357/594/540
f 357/594/540 358/593/539 359/595/541
f 357/594/540 359/595/541 356/596/542
f 356/596/542 359/595/541 360/597/543
f 356/596/542 360/597/543 355/598/544
f 355/598/544 360/597/543 361/599/545
f 355/598/544 361/599/545 354/600/546
f 354/600/546 361/599/545 362/601/547
f 354/600/546 362/601/547 353/602/548
f 353/602/548 362/601/547 363/603/549
f 353/602/548 363/603/549 352/604/550
f 352/604/550 363/603/549 364/605/551
f 352/604/550 364/605/551 351/606/552
f 351/606/552 364/605/551 365/607/553
f 351/606/552 365/607/553 350/608/554
f 350/608/554 365/607/553 366/609/555
f 350/608/554 366/609/555 349/610/556
f 349/610/556 366/609/555 367/611/557
f 349/610/556 367/611/557 348/612/558
f 348/612/558 367/611/557 368/613/559
f 348/612/558 368/613/559 347/614/560
f 347/614/560 368/613/559 369/615/561
f 347/614/560 369/615/561 346/616/562
f 346/616/562 369/615/561 370/617/563
f 346/616/562 370/617/563 345/618/564
f 345/618/564 370/617/563 371/619/565
f 345/618/564 371/619/565 344/620/566
f 344/620/566 371/619/565 372/621/567
f 344/620/566 372/621/567 343/622/568
f 343/622/568 372/621/567 373/623/569
f 343/622/568 373/623/569 342/624/570
f 342/624/570 373/623/569 374/625/571
f 342/624/570 374/625/571 341/626/572
f 341/626/572 374/625/571 375/627/573
f 341/626/572 375/627/573 340/628/574
f 340/628/574 375/627/573 376/629/575
f 340/628/574 376/629/575 339/630/576
f 339/630/576 376/629/575 377/631/577
f 339/630/576 377/631/577 338/632/578
f 338/632/578 377/631/577 378/633/579
f 338/632/578 378/633/579 337/634/580
f 337/634/580 378/633/579 379/635/581
f 337/634/580 379/635/581 336/636/582
f 336/636/582 379/635/581 380/637/583
f 336/636/582 380/637/583 335/588/536
f 335/588/536 380/637/583 381/589/537
f 309/638/584 359/639/585 286/640/586
f 286/640/586 359/639/585 358/641/587
f 286/640/586 358/641/587 287/642/588
f 287/642/588 358/641/587 381/643/589
f 287/642/588 381/643/589 288/644/590
f 288/644/590 381/643/589 380/645/591
f 288/644/590 380/645/591 289/646/592
f 289/646/592 380/645/591 379/647/593
f 289/646/592 379/647/593 290/648/594
f 290/648/594 379/647/593 378/649/595
f 290/648/594 378/649/595 291/650/596
f 291/650/596 378/649/595 377/651/597
f 291/650/596 377/651/597 292/652/598
f 292/652/598 377/651/597 376/653/599
f 292/652/598 376/653/599 375/654/600
f 309/638/584 308/655/601 359/639/585
f 359/639/585 308/655/601 360/656/602
f 360/656/602 308/655/601 307/657/603
f 360/656/602 307/657/603 361/658/604
f 361/658/604 307/657/603 306/659/605
f 361/658/604 306/659/605 362/660/606
f 362/660/606 306/659/605 305/661/607
f 362/660/606 305/661/607 363/662/608
f 363/662/608 305/661/607 304/663/609
f 363/662/608 304/663/609 364/664/610
f 364/664/610 304/663/609 365/665/611
f 365/665/611 304/663/609 303/666/612
f 365/665/611 303/666/612 366/667/613
f 366/667/613 303/666/612 302/668/614
f 366/667/613 302/668/614 367/669/615
f 367/669/615 302/668/614 301/670/616
f 367/669/615 301/670/616 368/671/617
f 368/671/617 301/670/616 300/672/618
f 368/671/617 300/672/618 369/673/619
f 369/673/619 300/672/618 299/674/620
f 369/673/619 299/674/620 370/675/621
f 370/675/621 299/674/620 298/676/622
f 370/675/621 298/676/622 297/677/623
f 370/675/621 297/677/623 371/678/624
f 371/678/624 297/677/623 296/679/625
f 371/678/624 296/679/625 372/680/626
f 372/680/626 296/679/625 295/681/627
f 372/680/626 295/681/627 373/682/628
f 373/682/628 295/681/627 294/683/629
f 373/682/628 294/683/629 374/684/630
f 374/684/630 294/683/629 293/685/631
f 374/684/630 293/685/631 375/654/600
f 375/654/600 293/685/631 292/652/598
f 333/686/632 433/687/633 310/688/634
f 310/688/634 433/687/633 420/689/635
f 310/690/634 420/691/635 456/692/636
f 456/692/636 420/691/635 383/693/637
f 456/692/636 383/693/637 384/694/638
f 433/687/633 333/686/632 432/695/639
f 432/695/639 333/686/632 332/696/640
f 432/695/639 332/696/640 434/697/641
f 434/697/641 332/696/640 435/698/642
f 434/697/641 435/698/642 416/699/643
f 416/699/643 435/698/642 415/700/644
f 415/700/644 435/698/642 431/701/645
f 415/700/644 431/701/645 414/702/646
f 414/702/646 431/701/645 436/703/647
f 414/702/646 436/703/647 413/704/648
f 413/704/648 436/703/647 437/705/649
f 413/704/648 437/705/649 412/706/650
f 412/706/650 437/705/649 430/707/651
f 412/706/650 430/707/651 411/708/652
f 411/708/652 430/707/651 438/709/653
f 411/708/652 438/709/653 410/710/654
f 410/710/654 438/709/653 439/711/655
f 410/710/654 439/711/655 409/712/656
f 409/712/656 439/711/655 440/713/657
f 409/712/656 440/713/657 408/714/658
f 408/714/658 440/713/657 429/715/659
f 408/714/658 429/715/659 407/716/660
f 407/716/660 429/715/659 441/717/661
f 407/716/660 441/717/661 406/718/662
f 406/718/662 441/717/661 442/719/663
f 406/718/662 442/719/663 405/720/664
f 405/720/664 442/719/663 428/721/665
f 405/720/664 428/721/665 404/722/666
f 404/722/666 428/721/665 443/723/667
f 404/722/666 443/723/667 403/724/668
f 403/724/668 443/723/667 444/725/669
f 403/724/668 444/725/669 402/726/670
f 402/726/670 444/725/669 427/727/671
f 402/726/670 427/727/671 401/728/672
f 401/728/672 427/727/671 426/729/673
f 401/728/672 426/729/673 400/730/674
f 400/730/674 426/729/673 445/731/675
f 400/730/674 445/731/675 399/732/676
f 399/732/676 445/731/675 446/733/677
f 399/732/676 446/733/677 398/734/678
f 398/734/678 446/733/677 425/735/679
f 398/734/678 425/735/679 397/736/680
f 397/736/680 425/735/679 447/737/681
f 397/736/680 447/737/681 396/738/682
f 396/738/682 447/737/681 448/739/683
f 396/738/682 448/739/683 395/740/684
f 395/740/684 448/739/683 424/741/685
f 395/740/684 424/741/685 394/742/686
f 394/742/686 424/741/685 449/743/687
f 394/742/686 449/743/687 393/744/688
f 393/744/688 449/743/687 450/745/689
f 393/744/688 450/745/689 392/746/690
f 392/746/690 450/745/689 451/747/691
f 392/746/690 451/747/691 391/748/692
f 391/748/692 451/747/691 423/749/693
f 391/748/692 423/749/693 390/750/694
f 390/750/694 423/749/693 452/751/695
f 390/750/694 452/751/695 389/752/696
f 389/752/696 452/751/695 453/753/697
f 389/752/696 453/753/697 388/754/698
f 388/754/698 453/753/697 422/755/699
f 388/754/698 422/755/699 387/756/700
f 387/756/700 422/755/699 454/757/701
f 387/756/700 454/757/701 386/758/702
f 386/758/702 454/757/701 455/759/703
f 386/758/702 455/759/703 385/760/704
f 385/760/704 455/759/703 421/761/705
f 385/760/704 421/761/705 384/694/638
f 384/694/638 421/761/705 456/692/636
f 332/696/640 331/762/706 435/698/642
f 435/698/642 331/762/706 431/701/645
f 331/762/706 330/763/707 431/701/645
f 431/701/645 330/763/707 436/703/647
f 436/703/647 330/763/707 437/705/649
f 437/705/649 330/763/707 329/764/708
f 437/705/649 329/764/708 430/707/651
f 430/707/651 329/764/708 328/765/709
f 430/707/651 328/765/709 438/709/653
f 438/709/653 328/765/709 439/711/655
f 328/765/709 327/766/710 439/711/655
f 439/711/655 327/766/710 440/713/657
f 440/713/657 327/766/710 429/715/659
f 429/715/659 327/766/710 326/767/711
f 429/715/659 326/767/711 441/717/661
f 441/717/661 326/767/711 325/768/712
f 441/717/661 325/768/712 442/719/663
f 442/719/663 325/768/712 428/721/665
f 325/768/712 324/769/713 428/721/665
f 428/721/665 324/769/713 443/723/667
f 324/769/713 323/770/714 443/723/667
f 443/723/667 323/770/714 444/725/669
f 444/725/669 323/770/714 427/727/671
f 427/727/671 323/770/714 322/771/715
f 427/727/671 322/771/715 426/729/673
f 426/729/673 322/771/715 321/772/716
f 426/729/673 321/772/716 445/731/675
f 445/731/675 321/772/716 446/733/677
f 321/772/716 320/773/717 446/733/677
f 446/733/677 320/773/717 425/735/679
f 320/773/717 319/774/718 425/735/679
f 425/735/679 319/774/718 447/737/681
f 447/737/681 319/774/718 448/739/683
f 448/739/683 319/774/718 318/775/719
f 448/739/683 318/775/719 424/741/685
f 424/741/685 318/775/719 317/776/720
f 424/741/685 317/776/720 449/743/687
f 449/743/687 317/776/720 450/745/689
f 317/776/720 316/777/721 450/745/689
f 450/745/689 316/777/721 451/747/691
f 451/747/691 316/777/721 423/749/693
f 423/749/693 316/777/721 315/778/722
f 423/749/693 315/778/722 452/751/695
f 452/751/695 315/778/722 314/779/723
f 452/751/695 314/779/723 453/753/697
f 453/753/697 314/779/723 422/755/699
f 314/779/723 313/780/724 422/755/699
f 422/755/699 313/780/724 454/757/701
f 313/780/724 312/781/725 454/757/701
f 454/757/701 312/781/725 455/759/703
f 455/759/703 312/781/725 421/761/705
f 421/761/705 312/781/725 311/782/726
f 421/761/705 311/782/726 456/692/636
f 456/692/636 311/782/726 310/690/634
f 419/783/727 382/784/728 420/689/635
f 420/691/635 382/785/728 383/693/637
f 416/699/643 417/786/729 434/697/641
f 434/697/641 417/786/729 432/695/639
f 417/786/729 418/787/730 432/695/639
f 432/695/639 418/787/730 433/687/633
f 418/787/730 419/783/727 433/687/633
f 433/687/633 419/783/727 420/689/635
f 419/788/731 476/789/732 382/790/733
f 382/790/733 476/789/732 477/791/734
f 382/790/733 477/791/734 478/792/735
f 476/789/732 419/788/731 475/793/736
f 475/793/736 419/788/731 418/794/737
f 475/793/736 418/794/737 474/795/738
f 474/795/738 418/794/737 417/796/739
f 474/795/738 417/796/739 473/797/740
f 473/797/740 417/796/739 416/798/741
f 473/797/740 416/798/741 472/799/742
f 472/799/742 416/798/741 415/800/743
f 472/799/742 415/800/743 471/801/744
f 471/801/744 415/800/743 414/802/745
f 471/801/744 414/802/745 470/803/746
f 470/803/746 414/802/745 413/804/747
f 470/803/746 413/804/747 469/805/748
f 469/805/748 413/804/747 412/806/749
f 469/805/748 412/806/749 468/807/750
f 468/807/750 412/806/749 411/808/751
f 468/807/750 411/808/751 467/809/752
f 467/809/752 411/808/751 410/810/753
f 467/809/752 410/810/753 466/811/754
f 466/811/754 410/810/753 409/812/755
f 466/811/754 409/812/755 465/813/756
f 465/813/756 409/812/755 408/814/757
f 465/813/756 408/814/757 464/815/758
f 464/815/758 408/814/757 407/816/759
f 464/815/758 407/816/759 463/817/760
f 463/817/760 407/816/759 406/818/761
f 463/817/760 406/818/761 462/819/762
f 462/819/762 406/818/761 405/820/763
f 462/819/762 405/820/763 461/821/764
f 461/821/764 405/820/763 404/822/765
f 461/821/764 404/822/765 460/823/766
f 460/823/766 404/822/765 403/824/767
f 460/823/766 403/824/767 459/825/768
f 459/825/768 403/824/767 402/826/769
f 459/825/768 402/826/769 458/827/770
f 458/827/770 402/826/769 401/828/771
f 458/827/770 401/828/771 457/829/772
f 457/829/772 401/828/771 496/830/773
f 496/830/773 401/828/771 400/831/774
f 496/830/773 400/831/774 495/832/775
f 495/832/775 400/831/774 399/833/776
f 495/832/775 399/833/776 494/834/777
f 494/834/777 399/833/776 398/835/778
f 494/834/777 398/835/778 493/836/779
f 493/836/779 398/835/778 397/837/780
f 493/836/779 397/837/780 492/838/781
f 492/838/781 397/837/780 396/839/782
f 492/838/781 396/839/782 491/840/783
f 491/840/783 396/839/782 395/841/784
f 491/840/783 395/841/784 490/842/785
f 490/842/785 395/841/784 394/843/786
f 490/842/785 394/843/786 489/844/787
f 489/844/787 394/843/786 393/845/788
f 489/844/787 393/845/788 488/846/789
f 488/846/789 393/845/788 392/847/790
f 488/846/789 392/847/790 487/848/791
f 487/848/791 392/847/790 391/849/792
f 487/848/791 391/849/792 486/850/793
f 486/850/793 391/849/792 390/851/794
f 486/850/793 390/851/794 485/852/795
f 485/852/795 390/851/794 497/853/796
f 485/852/795 497/853/796 484/854/797
f 484/854/797 497/853/796 389/855/798
f 484/854/797 389/855/798 388/856/799
f 390/851/794 389/855/798 497/853/796
f 484/854/797 388/856/799 483/857/800
f 483/857/800 388/856/799 387/858/801
f 483/857/800 387/858/801 482/859/802
f 482/859/802 387/858/801 386/860/803
f 482/859/802 386/860/803 481/861/804
f 481/861/804 386/860/803 385/862/805
f 481/861/804 385/862/805 480/863/806
f 480/863/806 385/862/805 384/864/807
f 480/863/806 384/864/807 479/865/808
f 479/865/808 384/864/807 383/866/809
f 479/865/808 383/866/809 478/792/735
f 478/792/735 383/866/809 382/790/733
f 357/867/810 507/868/811 334/869/812
f 334/869/812 507/868/811 498/870/813
f 334/871/812 498/872/813 536/873/814
f 536/873/814 498/872/813 477/874/815
f 536/873/814 477/874/815 476/875/816
f 507/868/811 357/867/810 499/876/817
f 499/876/817 357/867/810 356/877/818
f 499/876/817 356/877/818 509/878/819
f 509/878/819 356/877/818 508/879/820
f 509/878/819 508/879/820 481/880/821
f 481/880/821 508/879/820 482/881/822
f 482/881/822 508/879/820 511/882/823
f 482/881/822 511/882/823 483/883/824
f 483/883/824 511/882/823 510/884/825
f 483/883/824 510/884/825 484/885/826
f 484/885/826 510/884/825 500/886/827
f 484/885/826 500/886/827 485/887/828
f 485/887/828 500/886/827 513/888/829
f 485/887/828 513/888/829 486/889/830
f 486/889/830 513/888/829 512/890/831
f 486/889/830 512/890/831 487/891/832
f 487/891/832 512/890/831 515/892/833
f 487/891/832 515/892/833 488/893/834
f 488/893/834 515/892/833 514/894/835
f 488/893/834 514/894/835 489/895/836
f 489/895/836 514/894/835 501/896/837
f 489/895/836 501/896/837 490/897/838
f 490/897/838 501/896/837 517/898/839
f 490/897/838 517/898/839 491/899/840
f 491/899/840 517/898/839 516/900/841
f 491/899/840 516/900/841 492/901/842
f 492/901/842 516/900/841 519/902/843
f 492/901/842 519/902/843 493/903/844
f 493/903/844 519/902/843 518/904/845
f 493/903/844 518/904/845 494/905/846
f 494/905/846 518/904/845 502/906/847
f 494/905/846 502/906/847 495/907/848
f 495/907/848 502/906/847 521/908/849
f 495/907/848 521/908/849 496/909/850
f 496/909/850 521/908/849 520/910/851
f 496/909/850 520/910/851 457/911/852
f 457/911/852 520/910/851 523/912/853
f 457/911/852 523/912/853 458/913/854
f 458/913/854 523/912/853 522/914/855
f 458/913/854 522/914/855 459/915/856
f 459/915/856 522/914/855 503/916/857
f 459/915/856 503/916/857 460/917/858
f 460/917/858 503/916/857 525/918/859
f 460/917/858 525/918/859 461/919/860
f 461/919/860 525/918/859 524/920/861
f 461/919/860 524/920/861 462/921/862
f 462/921/862 524/920/861 527/922/863
f 462/921/862 527/922/863 463/923/864
f 463/923/864 527/922/863 526/924/865
f 463/923/864 526/924/865 464/925/866
f 464/925/866 526/924/865 504/926/867
f 464/925/866 504/926/867 465/927/868
f 465/927/868 504/926/867 529/928/869
f 465/927/868 529/928/869 466/929/870
f 466/929/870 529/928/869 528/930/871
f 466/929/870 528/930/871 467/931/872
f 467/931/872 528/930/871 531/932/873
f 467/931/872 531/932/873 468/933/874
f 468/933/874 531/932/873 530/934/875
f 468/933/874 530/934/875 469/935/876
f 469/935/876 530/934/875 505/936/877
f 469/935/876 505/936/877 470/937/878
f 470/937/878 505/936/877 533/938/879
f 470/937/878 533/938/879 471/939/880
f 471/939/880 533/938/879 532/940/881
f 471/939/880 532/940/881 472/941/882
f 472/941/882 532/940/881 535/942/883
f 472/941/882 535/942/883 473/943/884
f 473/943/884 535/942/883 534/944/885
f 473/943/884 534/944/885 474/945/886
f 474/945/886 534/944/885 506/946/887
f 474/945/886 506/946/887 475/947/888
f 475/947/888 506/946/887 537/948/889
f 475/947/888 537/948/889 476/875/816
f 476/875/816 537/948/889 536/873/814
f 356/877/818 355/949/890 508/879/820
f 508/879/820 355/949/890 511/882/823
f 511/882/823 355/949/890 510/884/825
f 510/884/825 355/949/890 354/950/891
f 510/884/825 354/950/891 500/886/827
f 500/886/827 354/950/891 353/951/892
f 500/886/827 353/951/892 513/888/829
f 513/888/829 353/951/892 512/890/831
f 353/951/892 352/952/893 512/890/831
f 512/890/831 352/952/893 515/892/833
f 515/892/833 352/952/893 514/894/835
f 514/894/835 352/952/893 351/953/894
f 514/894/835 351/953/894 501/896/837
f 501/896/837 351/953/894 350/954/895
f 501/896/837 350/954/895 517/898/839
f 517/898/839 350/954/895 516/900/841
f 350/954/895 349/955/896 516/900/841
f 516/900/841 349/955/896 519/902/843
f 519/902/843 349/955/896 518/904/845
f 518/904/845 349/955/896 348/956/897
f 518/904/845 348/956/897 502/906/847
f 502/906/847 348/956/897 347/957/898
f 502/906/847 347/957/898 521/908/849
f 521/908/849 347/957/898 520/910/851
f 347/957/898 346/958/899 520/910/851
f 520/910/851 346/958/899 523/912/853
f 523/912/853 346/958/899 522/914/855
f 522/914/855 346/958/899 345/959/900
f 522/914/855 345/959/900 503/916/857
f 503/916/857 345/959/900 344/960/901
f 503/916/857 344/960/901 525/918/859
f 525/918/859 344/960/901 524/920/861
f 344/960/901 343/961/902 524/920/861
f 524/920/861 343/961/902 527/922/863
f 527/922/863 343/961/902 526/924/865
f 526/924/865 343/961/902 342/962/903
f 526/924/865 342/962/903 504/926/867
f 504/926/867 342/962/903 341/963/904
f 504/926/867 341/963/904 529/928/869
f 529/928/869 341/963/904 528/930/871
f 341/963/904 340/964/905 528/930/871
f 528/930/871 340/964/905 531/932/873
f 531/932/873 340/964/905 530/934/875
f 530/934/875 340/964/905 339/965/906
f 530/934/875 339/965/906 505/936/877
f 505/936/877 339/965/906 338/966/907
f 505/936/877 338/966/907 533/938/879
f 533/938/879 338/966/907 532/940/881
f 338/966/907 337/967/908 532/940/881
f 532/940/881 337/967/908 535/942/883
f 535/942/883 337/967/908 534/944/885
f 534/944/885 337/967/908 336/968/909
f 534/944/885 336/968/909 506/946/887
f 506/946/887 336/968/909 335/969/910
f 506/946/887 335/969/910 537/948/889
f 537/948/889 335/969/910 536/873/814
f 335/969/910 334/871/812 536/873/814
f 481/880/821 480/970/911 509/878/819
f 509/878/819 480/970/911 499/876/817
f 480/970/911 479/971/912 499/876/817
f 499/876/817 479/971/912 507/868/811
f 479/971/912 478/972/913 507/868/811
f 507/868/811 478/972/913 498/870/813
f 478/972/913 477/973/815 498/870/813
g Body4

v -5.000000 20.000000 20.000000
v -5.000000 20.000000 16.500000
v 5.000000 20.000000 16.500000
v 5.000000 20.000000 20.000000
v -5.000000 27.000000 20.000000
v 5.000000 27.000000 20.000000
v -5.000000 27.000000 19.000000
v 5.000000 27.000000 19.000000
v -5.000000 21.004512 19.232633
v 5.000000 21.004512 19.232633
v -5.000000 21.000000 16.500000
v 5.000000 21.000000 16.500000
vt -0.000000 0.000000 0.000000
vt 3.500000 0.000000 0.000000
vt -0.000000 10.000000 0.000000
vt 3.500000 10.000000 0.000000
vt -0.000000 0.000000 0.000000
vt 7.000000 0.000000 0.000000
vt -0.000000 10.000000 0.000000
vt 7.000000 10.000000 0.000000
vt 0.000000 0.000000 0.000000
vt 1.000000 0.000000 0.000000
vt 0.000000 10.000000 0.000000
vt 1.000000 10.000000 0.000000
vt 0.000000 0.000000 0.000000
vt 6.000000 0.000000 0.000000
vt 0.000000 10.000000 0.000000
vt 6.000000 10.000000 0.000000
vt 0.000000 0.000000 0.000000
vt 2.732636 0.000000 0.000000
vt 0.000000 10.000000 0.000000
vt 2.732636 10.000000 0.000000
vt 0.000000 0.000000 0.000000
vt 1.000000 0.000000 0.000000
vt 0.000000 10.000000 0.000000
vt 1.000000 10.000000 0.000000
vt 1.750000 -2.500000 0.000000
vt -0.982633 -2.495488 0.000000
vt 1.750000 -3.500000 0.000000
vt -1.750000 -3.500000 0.000000
vt -1.750000 3.500000 0.000000
vt -0.750000 3.500000 0.000000
vt 2.500000 -1.750000 0.000000
vt 3.500000 -1.750000 0.000000
vt 2.495488 0.982633 0.000000
vt 3.500000 1.750000 0.000000
vt -3.500000 1.750000 0.000000
vt -3.500000 0.750000 0.000000
vn 0.000000 -1.000000 0.000000
vn 0.000000 -1.000000 0.000000
vn 0.000000 -1.000000 0.000000
vn 0.000000 -1.000000 0.000000
vn 0.000000 0.000000 1.000000
vn 0.000000 0.000000 1.000000
vn 0.000000 0.000000 1.000000
vn 0.000000 0.000000 1.000000
vn 0.000000 1.000000 0.000000
vn 0.000000 1.000000 0.000000
vn 0.000000 1.000000 0.000000
vn 0.000000 1.000000 0.000000
vn 0.000000 -0.038772 -0.999248
vn 0.000000 -0.038772 -0.999248
vn 0.000000 -0.038772 -0.999248
vn 0.000000 -0.038772 -0.999248
vn 0.000000 0.999999 -0.001651
vn 0.000000 0.999999 -0.001651
vn 0.000000 0.999999 -0.001651
vn 0.000000 0.999999 -0.001651
vn 0.000000 0.000000 -1.000000
vn 0.000000 0.000000 -1.000000
vn 0.000000 0.000000 -1.000000
vn 0.000000 0.000000 -1.000000
vn 1.000000 0.000000 0.000000
vn 1.000000 0.000000 0.000000
vn 1.000000 0.000000 0.000000
vn 1.000000 0.000000 0.000000
vn 1.000000 0.000000 0.000000
vn 1.000000 0.000000 0.000000
vn -1.000000 -0.000000 -0.000000
vn -1.000000 -0.000000 -0.000000
vn -1.000000 -0.000000 -0.000000
vn -1.000000 -0.000000 -0.000000
vn -1.000000 -0.000000 -0.000000
vn -1.000000 -0.000000 -0.000000
f 538/974/914 539/975/915 541/976/916
f 541/976/916 539/975/915 540/977/917
f 542/978/918 538/979/919 543/980/920
f 543/980/920 538/979/919 541/981/921
f 544/982/922 542/983/923 545/984/924
f 545/984/924 542/983/923 543/985/925
f 546/986/926 544/987/927 547/988/928
f 547/988/928 544/987/927 545/989/929
f 548/990/930 546/991/931 549/992/932
f 549/992/932 546/991/931 547/993/933
f 539/994/934 548/995/935 540/996/936
f 540/996/936 548/995/935 549/997/937
f 549/998/938 547/999/939 540/1000/940
f 540/1000/940 547/999/939 541/1001/941
f 541/1001/941 547/999/939 543/1002/942
f 543/1002/942 547/999/939 545/1003/943
f 548/1004/944 539/1005/945 546/1006/946
f 546/1006/946 539/1005/945 538/1007/947
f 546/1006/946 538/1007/947 542/1008/948
f 542/1008/948 544/1009/949 546/1006/946
# 549 vertices
# 1009 texture params
# 949 normals
# 1094 facets

# 3 groups
